panel,group,metric,streams,mean_error_mHa,ci95_low_mHa,ci95_high_mHa,stream_sd_mHa,minimum_error_mHa,maximum_error_mHa,negative_streams
co_eq_30000,uniform,H,8,23.334679648064238,19.43963692143491,26.6417421780325,5.532149272911231,14.523448164496244,27.81680538871001,0
co_eq_30000,guard15_equal_mu0,H,8,26.766753333077986,22.678107446218476,31.285067159915414,6.666677335478529,18.61524751937793,38.569032647856716,0
co_eq_30000,guard15_equal,H,8,17.2215811650549,14.679492645727876,19.99040232054483,4.104059237494096,11.012113949192326,24.907619471704834,0
co_eq_30000,exclusive_guard15_mu0,H,8,27.06817799120742,22.468109886474963,32.36598134788338,7.738185309859331,17.09451249554661,42.71061967131118,0
co_eq_30000,exclusive_guard15_mu2,H,8,13.8621684419995,11.44375130821551,16.193067842854347,3.684545319488898,7.529840208633232,18.786777699418167,0
co_eq_30000,uniform,F,8,17.26258788661994,13.353304339403849,21.112355127291945,6.061913675678923,7.6400473536608615,25.1478246058241,0
co_eq_30000,guard15_equal_mu0,F,8,17.454648295096575,13.411681274989817,21.72374312524461,6.453141012781544,8.945659374987258,27.61987420134915,0
co_eq_30000,guard15_equal,F,8,8.496928912434143,5.133778560047375,11.9412130785026,5.289959947038587,1.6567287688218357,16.85916938919263,0
co_eq_30000,exclusive_guard15_mu0,F,8,20.275617864321305,15.782096479325602,24.87380421623442,7.009527361187304,8.960876547035923,32.67340066517477,0
co_eq_30000,exclusive_guard15_mu2,F,8,7.163377260649639,4.390315646841003,9.685705265125577,4.072428748950766,-0.7312042299929544,13.54943093986094,1
co_eq_60000,uniform,H,8,18.040838050280783,16.114281644952655,19.923988167747098,2.935888062975541,13.693090237495653,22.069918919854103,0
co_eq_60000,guard15_equal_mu0,H,8,15.016185646377522,12.648778382621018,17.326774520469712,3.6206582447920983,9.7944970585786,20.22686409722496,0
co_eq_60000,guard15_equal,H,8,8.085510679565644,6.20354030214898,9.871398842555834,2.8405739644639,4.160799437585183,11.235246419460054,0
co_eq_60000,exclusive_guard15_mu0,H,8,19.557991963159438,16.54975773018208,22.284798923223548,4.476777094439028,12.477806500129418,24.502513053590746,0
co_eq_60000,exclusive_guard15_mu2,H,8,9.024297607291842,6.979140015056728,11.044638924254002,3.190668176109202,4.572815662271523,12.722033428133273,0
co_eq_60000,uniform,F,8,13.847346461870913,11.391403787699872,15.961583368092391,3.553001842162405,6.794842010961588,18.319169123614643,0
co_eq_60000,guard15_equal_mu0,F,8,10.492898094279113,8.747173610021974,12.494135022329544,2.9183107787832134,7.6554974683347154,15.496575876184693,0
co_eq_60000,guard15_equal,F,8,3.9970029278695307,2.5612019427274646,5.391036153744366,2.180517368576067,0.38545880136098276,7.310722780289325,0
co_eq_60000,exclusive_guard15_mu0,F,8,13.991908516834073,11.23831692903643,17.338751749990777,4.75039748459983,8.289567568908751,23.741424132111888,0
co_eq_60000,exclusive_guard15_mu2,F,8,3.912897182624775,1.6811465902968337,6.64769337135418,3.8751952554480016,-0.6195332705374312,11.854556975194441,1
co_eq_120000,uniform,H,8,14.753656298639228,11.841169010901709,17.77135451683802,4.595596948322977,8.569529940416487,22.68658587297523,0
co_eq_120000,guard15_equal_mu0,H,8,9.421728099894722,7.79064026096421,11.035675882951068,2.507026835052769,5.37950934563014,13.504178326002148,0
co_eq_120000,guard15_equal,H,8,4.428977258241318,3.47948886571281,5.222447828828081,1.3501791937775232,1.708445142725168,6.1681634322781065,0
co_eq_120000,exclusive_guard15_mu0,H,8,12.628363125946507,9.328340884026787,16.24197881335373,5.300885425970922,6.299605708790068,19.127063225525376,0
co_eq_120000,exclusive_guard15_mu2,H,8,5.092459145224382,3.3731193497708034,7.063840581110981,2.868074077650044,1.6217477998168306,10.444402739324232,0
co_eq_120000,uniform,F,8,10.206760818601168,7.657264499375316,12.973983337451145,4.121639589944216,5.119705373843431,16.250084248994767,0
co_eq_120000,guard15_equal_mu0,F,8,6.595973045042669,4.945426273863518,8.12663198125918,2.4406654182358003,2.064952897370631,10.18603961196618,0
co_eq_120000,guard15_equal,F,8,1.81103923719661,0.8069399787462572,2.6813978596536003,1.4448121137086916,-1.0530119903648938,3.5891595502306473,1
co_eq_120000,exclusive_guard15_mu0,F,8,9.649127627351817,6.647496965519695,12.992348310937984,4.86903588327519,4.223232558274503,16.343410791691326,0
co_eq_120000,exclusive_guard15_mu2,F,8,2.482583280675854,0.8493973607421879,4.185748523770627,2.5750159522040463,-0.9788203442298027,6.9160069907070465,2
co_eq_240000,uniform,H,8,7.542091380223326,6.249236064236996,9.010267370660685,2.153875159784218,5.419955721578162,11.309029393942183,0
co_eq_240000,guard15_equal_mu0,H,8,6.966852155240844,5.344950030077333,8.580090750205827,2.494712774959096,3.528604002838165,10.585771749703099,0
co_eq_240000,guard15_equal,H,8,3.283857127801326,2.164431244144893,4.469285192312711,1.7815375489363239,0.8405944891762829,6.079960699253206,0
co_eq_240000,exclusive_guard15_mu0,H,8,5.555040230913022,3.8103247215159013,7.626698000512633,2.980523430445997,2.5287192536325165,11.062381115664266,0
co_eq_240000,exclusive_guard15_mu2,H,8,1.819958253777898,0.9017483653517295,2.91681068534011,1.5667756300642952,0.12064972548841979,4.93899170169243,0
co_eq_240000,uniform,F,8,5.818406344889837,4.397169858856742,7.274987334209726,2.2336804515199655,2.8688596690926715,8.918479597483042,0
co_eq_240000,guard15_equal_mu0,F,8,4.964255590012456,3.431615971642543,6.726658651913908,2.550449656810332,2.553432702612213,9.114994658716569,0
co_eq_240000,guard15_equal,F,8,1.6487770845277083,0.49472070895895115,3.1050568903072673,2.044701213815758,0.03114259962444521,5.821979648047204,0
co_eq_240000,exclusive_guard15_mu0,F,8,4.645773560753241,2.937087861639043,6.430833542388825,2.7059407458959823,0.3009387778547534,9.580112230111126,0
co_eq_240000,exclusive_guard15_mu2,F,8,0.7835146858852227,-0.4129406109196765,1.9664526602856114,1.8296025479548186,-2.3462515040222343,4.116834301001404,2
