system,arm,stream,budget,lambda_radius,mu_ftpbe,h_error_meh,f_error_meh,d2_error,minimum_dqg_eigenvalue,equality_residual
n2,guard15_equal,0,30000,1.0,2.0,17.630612736951434,17.92125282558743,0.14791409980346923,-1.0270700625294185e-09,5.662772955207181e-08
n2,guard15_equal_mu0,0,30000,1.0,0.0,35.32289570713942,33.30575677969705,0.16471363803249522,-2.440721004658419e-10,1.3536314890016634e-08
n2,exclusive_guard15_mu2,0,30000,1.0,2.0,9.72302270834291,-2.043930954570783,0.15270044357730628,-4.0507226323428283e-10,2.2844294119376443e-08
n2,exclusive_guard15_mu0,0,30000,1.0,0.0,21.41885217874062,7.42178356775014,0.1711472020135374,-1.7118768372529667e-10,1.0781089451130879e-08
n2,uniform,0,30000,1.0,0.0,41.769563356837125,29.632324688080303,0.20257570092198193,-1.0925409990115035e-10,6.160179917407346e-09
n2,guard15_equal,1,30000,1.0,2.0,18.305451231015013,10.849198900160673,0.14975330154741548,-8.704385611256347e-10,5.0780454484491915e-08
n2,guard15_equal_mu0,1,30000,1.0,0.0,34.3049808082867,24.310955338123108,0.17711674428751856,-1.9680485352134285e-11,1.1828518386973504e-09
n2,exclusive_guard15_mu2,1,30000,1.0,2.0,15.31852324421834,6.937958730134142,0.14519667353847882,-1.3797833564580772e-09,7.857469766086968e-08
n2,exclusive_guard15_mu0,1,30000,1.0,0.0,42.854394740786006,28.15981205110063,0.19954532088988267,-1.3547947082057935e-10,8.106470262517316e-09
n2,uniform,1,30000,1.0,0.0,36.53582768616559,23.858740425794167,0.17218946503426136,-5.733009311705786e-10,3.3586169727457886e-08
n2,guard15_equal,2,30000,1.0,2.0,12.117396580080708,2.565088203098753,0.15025959814808215,-4.807861994182697e-11,3.431284896451584e-09
n2,guard15_equal_mu0,2,30000,1.0,0.0,31.65593674826539,21.96002477843706,0.16755667413667685,-4.486739511965102e-11,2.528949534407184e-09
n2,exclusive_guard15_mu2,2,30000,1.0,2.0,9.616741198868795,2.2895360276180554,0.1665647055661964,-1.7739176600131513e-10,1.0454456447867533e-08
n2,exclusive_guard15_mu0,2,30000,1.0,0.0,20.473812413314363,16.563885145984614,0.18385083548558603,-1.4850695255662236e-10,8.434075813032742e-09
n2,uniform,2,30000,1.0,0.0,22.90680460788508,18.022697016178313,0.13742111351543623,-7.653331147520953e-11,4.69700105726012e-09
n2,guard15_equal,3,30000,1.0,2.0,10.563468426624922,4.152239911647371,0.14405286784000526,-1.102219913383833e-09,6.329731012633789e-08
n2,guard15_equal_mu0,3,30000,1.0,0.0,21.29347490102873,12.654189718034559,0.16314846809423472,-6.834022585138232e-10,4.3457886091042404e-08
n2,exclusive_guard15_mu2,3,30000,1.0,2.0,15.085495319794973,3.284215727731521,0.15963667501822854,-1.0860339086719856e-09,6.516892356010577e-08
n2,exclusive_guard15_mu0,3,30000,1.0,0.0,27.905652645671353,12.956151536087646,0.1840061479802085,-1.2064996194433525e-10,7.510152259957563e-09
n2,uniform,3,30000,1.0,0.0,34.4040777030159,21.30342646769634,0.15884252163022403,-1.6647823799275658e-09,9.31000408966007e-08
n2,guard15_equal,4,30000,1.0,2.0,6.550187834903909,1.2354508975960243,0.12707977984182978,-2.417719754706922e-10,1.3551827355719975e-08
n2,guard15_equal_mu0,4,30000,1.0,0.0,11.273339943670635,6.296858905756153,0.14297269539586607,-1.7359954982136046e-09,9.736357040698508e-08
n2,exclusive_guard15_mu2,4,30000,1.0,2.0,17.516697050140806,8.993069831959133,0.15471852825536134,-7.836151993998684e-10,4.394470216961717e-08
n2,exclusive_guard15_mu0,4,30000,1.0,0.0,38.629232331260255,29.569919867313388,0.1861599606014342,-5.746004576869609e-10,3.2092410637365875e-08
n2,uniform,4,30000,1.0,0.0,21.072040836628503,12.622599511800559,0.18055538431780432,-1.6122837370250034e-09,9.009937658882492e-08
n2,guard15_equal,5,30000,1.0,2.0,5.309932005843621,0.3809565525330072,0.1119789230932708,-8.002925179527413e-11,4.595136805942935e-09
n2,guard15_equal_mu0,5,30000,1.0,0.0,13.902247723919459,10.16962722312087,0.13795915221006935,-5.131014089612757e-10,2.9337640791877185e-08
n2,exclusive_guard15_mu2,5,30000,1.0,2.0,11.905187240188297,0.6911681008006099,0.1583349448325449,-2.032465439149508e-09,1.159449505981981e-07
n2,exclusive_guard15_mu0,5,30000,1.0,0.0,19.976453595404564,8.918849311086774,0.1781612132144945,-1.1431762953075548e-10,6.652786631461808e-09
n2,uniform,5,30000,1.0,0.0,10.014067278419247,8.980115284288104,0.14452140198390556,-3.4241168926653315e-10,1.9309530327156928e-08
n2,guard15_equal,6,30000,1.0,2.0,2.911997969164304,-1.073032696780274,0.09046824750819062,-2.1765498979278742e-10,1.2294499401480684e-08
n2,guard15_equal_mu0,6,30000,1.0,0.0,6.171369724128795,3.6177537236881108,0.10011498205766468,-4.5936098852909003e-10,2.805769219273129e-08
n2,exclusive_guard15_mu2,6,30000,1.0,2.0,12.234045412711225,5.222950344304422,0.16050344458993254,-1.374233572394213e-10,8.054774064845731e-09
n2,exclusive_guard15_mu0,6,30000,1.0,0.0,34.59400862834627,25.748657111023476,0.20035018816709896,-1.3620905501700588e-09,8.033320569009438e-08
n2,uniform,6,30000,1.0,0.0,23.008099073962285,15.535192180323065,0.16023359194314046,-1.1894438300365118e-10,6.609197944034473e-09
n2,guard15_equal,7,30000,1.0,2.0,11.28701909030383,6.6603871219825805,0.1512432185537888,-6.59162407087236e-12,5.174456262689524e-10
n2,guard15_equal_mu0,7,30000,1.0,0.0,36.84794670823521,27.15794866750798,0.16990901399331745,-4.2720874762794785e-10,2.5456738556989563e-08
n2,exclusive_guard15_mu2,7,30000,1.0,2.0,14.208557126707433,8.869203096622869,0.15040235143009692,-1.841066248309196e-10,1.076371093066986e-08
n2,exclusive_guard15_mu0,7,30000,1.0,0.0,44.070294823114864,32.107320304191944,0.18105183855053078,-9.357968330564189e-10,5.4096621471024824e-08
n2,uniform,7,30000,1.0,0.0,49.60793702825583,38.01256630219996,0.22824877941242502,-8.128396268114055e-10,4.692415834263129e-08
n2,guard15_equal,0,60000,1.0,2.0,7.36774895256076,10.23558000332514,0.12310327289960812,-2.2554506816506827e-10,1.355118179113817e-08
n2,guard15_equal_mu0,0,60000,1.0,0.0,14.753112662589274,16.72017398405501,0.13268255768209516,-6.354720747642483e-10,3.7977336383782685e-08
n2,exclusive_guard15_mu2,0,60000,1.0,2.0,8.559071045866062,0.47572766669645716,0.1332241091464446,-2.1589301971313428e-09,1.21041077966177e-07
n2,exclusive_guard15_mu0,0,60000,1.0,0.0,17.00000139052804,8.456332102710462,0.13281129508438821,-7.752627265884389e-11,5.021368372560233e-09
n2,uniform,0,60000,1.0,0.0,28.4357125418353,21.430850566474646,0.15779996009329472,-1.5285175578027207e-09,8.579210761611505e-08
n2,guard15_equal,1,60000,1.0,2.0,4.861441266228894,0.49934231729764633,0.0822977857418887,-7.721124809675594e-10,4.504039126078665e-08
n2,guard15_equal_mu0,1,60000,1.0,0.0,17.855005314345362,11.588804049281975,0.09454824387790162,-6.769021775423542e-10,3.8787140088233066e-08
n2,exclusive_guard15_mu2,1,60000,1.0,2.0,8.734298007340158,5.858668113845056,0.0979784861763347,-1.0073518074728531e-10,5.875458257743017e-09
n2,exclusive_guard15_mu0,1,60000,1.0,0.0,17.659181888262765,16.461099599979434,0.115750083765321,-6.99837680394649e-10,3.938500817057649e-08
n2,uniform,1,60000,1.0,0.0,26.37271447648004,20.412791171438016,0.13565610915990708,-6.003984598908055e-10,3.358296414818357e-08
n2,guard15_equal,2,60000,1.0,2.0,3.734327541366156,0.6450357090699299,0.09487530147334494,-1.0551976388440522e-09,5.966012370092547e-08
n2,guard15_equal_mu0,2,60000,1.0,0.0,24.485851784135093,19.398751388237656,0.11695336438241771,-9.735464440674639e-10,5.8748902795352265e-08
n2,exclusive_guard15_mu2,2,60000,1.0,2.0,5.932331847645855,-0.19412902653925812,0.11988968148402465,-1.4146545142922041e-09,8.263373445553608e-08
n2,exclusive_guard15_mu0,2,60000,1.0,0.0,16.990298986087282,8.549563882255029,0.13398720543155185,-3.032777044357898e-10,1.9096634288217755e-08
n2,uniform,2,60000,1.0,0.0,11.941018032388229,8.190774854554661,0.13220149559319366,-1.1843229973060392e-09,6.771671068524653e-08
n2,guard15_equal,3,60000,1.0,2.0,1.465032612273376,1.5033057068620792,0.08287369386860075,-9.257526213750916e-10,5.215627405324003e-08
n2,guard15_equal_mu0,3,60000,1.0,0.0,3.622737610712079,4.945507645317093,0.08507447245314115,-1.9285099082413263e-10,1.0909601730482618e-08
n2,exclusive_guard15_mu2,3,60000,1.0,2.0,9.48391736034182,5.500982859459214,0.10771698889258739,-3.4490102878884774e-10,2.0397475075287676e-08
n2,exclusive_guard15_mu0,3,60000,1.0,0.0,21.196728980456214,17.507696489602154,0.11438384661299711,-8.9746099361153e-10,5.0358199587045754e-08
n2,uniform,3,60000,1.0,0.0,12.524201671425317,2.8702070624859743,0.12234906935929891,-7.92723424945167e-10,4.429747401089741e-08
n2,guard15_equal,4,60000,1.0,2.0,4.743840572203339,5.157054688723406,0.09761296077211118,-2.093630684679577e-10,1.1654651197984846e-08
n2,guard15_equal_mu0,4,60000,1.0,0.0,14.779841836173091,13.768522857191101,0.11192474740426649,-1.6658387792651184e-10,1.0349344248540958e-08
n2,exclusive_guard15_mu2,4,60000,1.0,2.0,4.296450708963562,2.700470209461514,0.09284479838110386,-1.9920605928545682e-09,1.1254871354048912e-07
n2,exclusive_guard15_mu0,4,60000,1.0,0.0,8.287503574450739,7.270929695167183,0.09890341890319901,-4.839293108837144e-10,2.990406687127422e-08
n2,uniform,4,60000,1.0,0.0,22.94901009476291,15.447405361229016,0.1491859775819521,-6.21223735300755e-10,3.777758991563469e-08
n2,guard15_equal,5,60000,1.0,2.0,1.9492290690408254,0.3510006343248051,0.09822722076921275,-2.8380682073363416e-10,1.603148688250608e-08
n2,guard15_equal_mu0,5,60000,1.0,0.0,8.336910435318146,5.562948151805358,0.11207000567389677,-9.448616980648245e-10,6.071281333927633e-08
n2,exclusive_guard15_mu2,5,60000,1.0,2.0,12.232792894920408,7.020630580669263,0.13183984038532146,-5.316795100550115e-10,2.9268809022054724e-08
n2,exclusive_guard15_mu0,5,60000,1.0,0.0,23.327882974612635,15.168118398534602,0.14342510301444134,-2.5245925971620776e-10,1.5141622028832276e-08
n2,uniform,5,60000,1.0,0.0,10.468416624078714,7.236619895437002,0.11630869576930844,-4.6608548227222666e-11,2.824119262782327e-09
n2,guard15_equal,6,60000,1.0,2.0,4.756675276752276,3.096347111210207,0.09897715217734332,-4.939914697197358e-10,2.9517219330581957e-08
n2,guard15_equal_mu0,6,60000,1.0,0.0,13.340680265159222,10.418360580629837,0.11481610811972935,-3.176477851138209e-10,1.769323842578311e-08
n2,exclusive_guard15_mu2,6,60000,1.0,2.0,6.001440858270257,-0.6974686877896374,0.12735488091212507,-8.413107277644293e-10,5.2163538480187664e-08
n2,exclusive_guard15_mu0,6,60000,1.0,0.0,25.405297936615057,16.965822892686333,0.12197921673653656,-5.179783857279857e-12,3.7253480507796576e-10
n2,uniform,6,60000,1.0,0.0,16.645141781026496,10.600913597087924,0.1109419751163631,-4.0696417181669136e-10,2.476265159949112e-08
n2,guard15_equal,7,60000,1.0,2.0,8.07825825192765,-1.3926609039884852,0.12798500445656272,-2.2834661376914906e-09,1.3020327370154522e-07
n2,guard15_equal_mu0,7,60000,1.0,0.0,21.25893358490316,12.171607973328946,0.12809082338321157,-1.6800693443032355e-11,1.2276687783331197e-09
n2,exclusive_guard15_mu2,7,60000,1.0,2.0,6.8784316272854085,6.082590696763646,0.10080679133641576,-1.2739230687531436e-09,7.158885029566534e-08
n2,exclusive_guard15_mu0,7,60000,1.0,0.0,18.861533666807873,17.53023529347786,0.12408091663857275,-1.1412951665041473e-09,6.79472243526373e-08
n2,uniform,7,60000,1.0,0.0,32.115409353949076,24.01810250560743,0.1403157079432362,-2.3763109580077853e-09,1.3157156834316116e-07
n2,guard15_equal,0,120000,1.0,2.0,6.998964272725061,6.637712163069409,0.08153092015811969,-9.179813550466538e-10,5.3157422234819754e-08
n2,guard15_equal_mu0,0,120000,1.0,0.0,13.501045635763376,12.322310307126827,0.08834548709429765,-1.714132038471399e-09,9.742020848111737e-08
n2,exclusive_guard15_mu2,0,120000,1.0,2.0,3.692888636976477,1.3298268187327267,0.08360062478743523,-1.5950296583488256e-10,9.291337630222086e-09
n2,exclusive_guard15_mu0,0,120000,1.0,0.0,15.969229481825664,11.227131759895315,0.09534524973176366,-5.0387663129029185e-11,3.1375928737126524e-09
n2,uniform,0,120000,1.0,0.0,12.116737099361785,11.110768126101789,0.09341111653032992,-2.221253822254844e-09,1.258196459866241e-07
n2,guard15_equal,1,120000,1.0,2.0,2.4382292590132693,1.5127941634318631,0.0744811045206085,-5.30050244228122e-10,2.996173853490765e-08
n2,guard15_equal_mu0,1,120000,1.0,0.0,7.540301928116833,6.768630873537518,0.08865545954342098,-1.0562760973889481e-09,6.021189690259962e-08
n2,exclusive_guard15_mu2,1,120000,1.0,2.0,0.4635319949954919,-2.9324659825107346,0.07743795416867308,-3.477871181932134e-10,1.9704036824932257e-08
n2,exclusive_guard15_mu0,1,120000,1.0,0.0,6.712716136831887,3.6722346739423983,0.08109540456649543,-1.475663578484499e-09,8.712652781540487e-08
n2,uniform,1,120000,1.0,0.0,22.530857565328688,15.248804973964525,0.09490603188899428,-1.2333445429456235e-10,7.293717333034629e-09
n2,guard15_equal,2,120000,1.0,2.0,7.69775419054497,5.144558247963005,0.09346447814471645,-5.812771013295145e-10,3.424090454234481e-08
n2,guard15_equal_mu0,2,120000,1.0,0.0,23.03220107549464,17.968926268196128,0.10629166345730043,-2.0539865393572548e-09,1.1604081576147403e-07
n2,exclusive_guard15_mu2,2,120000,1.0,2.0,2.0013035820198866,3.074066625643468,0.0652492651555974,-2.5020691362639e-09,1.387040949596477e-07
n2,exclusive_guard15_mu0,2,120000,1.0,0.0,9.26063661012222,10.320050453586305,0.07658161641773761,-4.487934150224188e-10,2.7456939169574662e-08
n2,uniform,2,120000,1.0,0.0,15.017007270301974,10.116597412746842,0.11078817662559383,-1.7065989050669744e-09,1.0411149403326447e-07
n2,guard15_equal,3,120000,1.0,2.0,0.06308027366230817,3.167557041635405,0.06467760886246028,-3.2997666300504255e-09,1.8333187796959265e-07
n2,guard15_equal_mu0,3,120000,1.0,0.0,5.534849748755732,8.624629809730777,0.07538833876873799,-1.108464795199706e-09,6.195115167504585e-08
n2,exclusive_guard15_mu2,3,120000,1.0,2.0,0.6189484785181776,4.162789557284441,0.07417607188669892,-2.530148429609397e-10,1.4062806720985132e-08
n2,exclusive_guard15_mu0,3,120000,1.0,0.0,11.757449949271859,13.816819438503103,0.08852909799337046,-1.7738617967938264e-10,1.0812886409743123e-08
n2,uniform,3,120000,1.0,0.0,11.3146792672012,6.874842275735205,0.09699343310620433,-1.2561148941019698e-09,7.423422833900916e-08
n2,guard15_equal,4,120000,1.0,2.0,2.344045228738878,0.7707827708571813,0.07544413444959089,-2.772371396898395e-09,1.5561387372801063e-07
n2,guard15_equal_mu0,4,120000,1.0,0.0,6.6846923401158165,4.412247784230772,0.07948219665943902,-1.1789236201624737e-09,6.676411110666488e-08
n2,exclusive_guard15_mu2,4,120000,1.0,2.0,0.9457443963754031,-0.8717822601198577,0.07988012428612058,-2.7649706925912043e-09,1.594006644823673e-07
n2,exclusive_guard15_mu0,4,120000,1.0,0.0,9.773621984820124,4.1886480556740935,0.09062707857803019,-9.167840671266913e-10,5.4141441980328484e-08
n2,uniform,4,120000,1.0,0.0,17.617678207273002,14.657813457347402,0.10809946933593394,-6.67160883899942e-10,3.741975092989476e-08
n2,guard15_equal,5,120000,1.0,2.0,1.1878343101585642,0.2403721733941211,0.08091660026404136,-2.55313543623992e-09,1.4168189886165772e-07
n2,guard15_equal_mu0,5,120000,1.0,0.0,7.841012889187482,6.341679334795458,0.08309789802693325,-6.68922624368217e-10,3.742211765527253e-08
n2,exclusive_guard15_mu2,5,120000,1.0,2.0,2.6341998819532364,0.9209374197496345,0.08179768678861304,-3.3900429489065853e-10,1.9106384888483308e-08
n2,exclusive_guard15_mu0,5,120000,1.0,0.0,10.287649706896218,7.14662428619306,0.09726392893576437,-4.649895487384185e-10,2.833592952474232e-08
n2,uniform,5,120000,1.0,0.0,7.963869607721108,10.948050636386597,0.08501581454338586,-7.261731211011319e-10,4.330243471492607e-08
n2,guard15_equal,6,120000,1.0,2.0,3.220453179949345,1.4670990687193353,0.05720376820969157,-4.375727388436987e-10,2.485963957882428e-08
n2,guard15_equal_mu0,6,120000,1.0,0.0,7.817307042060406,4.9618475256067995,0.06594597880165563,-1.306572718301287e-09,8.009786149125763e-08
n2,exclusive_guard15_mu2,6,120000,1.0,2.0,1.0308165054055962,1.2670822929123915,0.0824443840597548,-5.346376595271972e-10,2.9924922394679025e-08
n2,exclusive_guard15_mu0,6,120000,1.0,0.0,5.493833856306196,5.65931564183586,0.08842928665583041,-4.276415707799595e-10,2.5849027155820496e-08
n2,uniform,6,120000,1.0,0.0,11.900172907473916,6.826828228085446,0.08987343214025817,-6.013720186797196e-10,3.349653075687493e-08
n2,guard15_equal,7,120000,1.0,2.0,2.112387197911403,1.9810635585173486,0.08705020140697868,-1.227882473689655e-10,7.091800164826952e-09
n2,guard15_equal_mu0,7,120000,1.0,0.0,8.659439758076815,7.212975397010268,0.08954800292374154,-8.406775126948095e-10,4.858937502856837e-08
n2,exclusive_guard15_mu2,7,120000,1.0,2.0,8.672746598151093,4.49227101161398,0.09766770927771509,-6.828213565318643e-11,4.012872148652445e-09
n2,exclusive_guard15_mu0,7,120000,1.0,0.0,16.86024187380042,12.293801601103382,0.09954541389467413,-1.6079407511664127e-09,8.963422649157206e-08
n2,uniform,7,120000,1.0,0.0,28.387881750802535,22.57886027349798,0.11204525909239144,-1.460704636861841e-10,8.104791404484826e-09
n2,guard15_equal,0,240000,1.0,2.0,5.352258797998388,6.166500624701143,0.0708066591039553,-1.6776242593885124e-11,9.656639980959475e-10
n2,guard15_equal_mu0,0,240000,1.0,0.0,8.792197476523711,9.583498293380899,0.07314798810090857,-3.466810127415664e-10,1.9675862149743844e-08
n2,exclusive_guard15_mu2,0,240000,1.0,2.0,3.859059959154365,1.6411067056907314,0.05284033981252575,-2.5468038968025833e-09,1.5127107492272983e-07
n2,exclusive_guard15_mu0,0,240000,1.0,0.0,8.634450798112425,6.449541239206269,0.05723856821623099,-2.177611485237045e-10,1.3352002947135245e-08
n2,uniform,0,240000,1.0,0.0,10.395608135283396,9.757278289924898,0.06894184414244607,-1.395398702392021e-09,8.022218043358328e-08
n2,guard15_equal,1,240000,1.0,2.0,-1.5760956229939893,-1.657118357741183,0.05261341597968814,-4.4058165503259544e-10,2.4398318902940745e-08
n2,guard15_equal_mu0,1,240000,1.0,0.0,0.3530654989845061,0.9861940574609207,0.05812839460090776,-2.5770151785856723e-11,1.4545596651979777e-09
n2,exclusive_guard15_mu2,1,240000,1.0,2.0,3.657386693873832,1.0561662715105058,0.06195191547579729,-2.422605151081236e-09,1.3651795464091867e-07
n2,exclusive_guard15_mu0,1,240000,1.0,0.0,9.939634218795845,6.149325920489446,0.06952217544433337,-7.521306735215961e-10,4.3580252419544225e-08
n2,uniform,1,240000,1.0,0.0,12.555712194796342,6.715199115149062,0.06439201215842527,-8.653943139108342e-10,4.9274814095057415e-08
n2,guard15_equal,2,240000,1.0,2.0,3.733832070736298,0.6925997758315816,0.05026587490379947,-3.1893088155254377e-10,1.7934222275789754e-08
n2,guard15_equal_mu0,2,240000,1.0,0.0,8.299973691293872,5.128545060756551,0.053067816498519646,-1.4986571037529503e-09,8.715412087640929e-08
n2,exclusive_guard15_mu2,2,240000,1.0,2.0,0.7287095425283496,1.8129636236778879,0.05430184057846842,-5.650523720971754e-10,3.380720700971419e-08
n2,exclusive_guard15_mu0,2,240000,1.0,0.0,5.912467007561872,6.499874453353982,0.05934224610405557,-1.0043235853559152e-11,6.367071068098366e-10
n2,uniform,2,240000,1.0,0.0,15.300659944855965,14.97810281746581,0.07968190908793721,-6.864128124743765e-10,3.876686676982251e-08
n2,guard15_equal,3,240000,1.0,2.0,-0.01873439833843804,1.6607271603135132,0.044284126116070376,-5.796218476215913e-10,3.4008148550847764e-08
n2,guard15_equal_mu0,3,240000,1.0,0.0,4.042631363716964,5.308664615597536,0.05254904625965257,-1.0722443920905562e-09,6.068199887786712e-08
n2,exclusive_guard15_mu2,3,240000,1.0,2.0,2.6801153092179675,1.694719039278425,0.05480965468263298,-2.444004554009352e-09,1.3727558402202753e-07
n2,exclusive_guard15_mu0,3,240000,1.0,0.0,10.93351856428626,8.073030497953937,0.06667512130150942,-1.91105652472524e-09,1.1567608499474617e-07
n2,uniform,3,240000,1.0,0.0,5.63982177082778,7.228617828062056,0.08626633042127094,-4.420748774802225e-11,2.5273246739099465e-09
n2,guard15_equal,4,240000,1.0,2.0,3.401123829547714,-1.5281130995532521,0.06183763125310975,-2.7626840903675393e-10,1.548912005960551e-08
n2,guard15_equal_mu0,4,240000,1.0,0.0,7.643748968007458,2.644975129740601,0.06464980556878565,-1.265332989030342e-10,7.736278755450167e-09
n2,exclusive_guard15_mu2,4,240000,1.0,2.0,-0.10667326880309247,-0.6927526258948546,0.046495588460063166,-8.27522119406453e-10,4.7041495465587726e-08
n2,exclusive_guard15_mu0,4,240000,1.0,0.0,3.7277227603738083,2.514001425936385,0.051714317030182685,-2.1258585548209185e-10,1.2019695859843462e-08
n2,uniform,4,240000,1.0,0.0,5.694942990601248,1.8713164459001064,0.060656723044629345,-1.2885914215457155e-09,7.193270861754311e-08
n2,guard15_equal,5,240000,1.0,2.0,0.4998860986518139,-1.6628520841663885,0.06780323909748244,-1.786867618117972e-09,9.915740548830459e-08
n2,guard15_equal_mu0,5,240000,1.0,0.0,3.0546819819079474,1.552443678363602,0.06640389867761268,-8.186915182936127e-10,5.1536184196861685e-08
n2,exclusive_guard15_mu2,5,240000,1.0,2.0,-0.00408539651175488,1.354240645909499,0.0599326601061619,-1.979299992938978e-09,1.1188326325612435e-07
n2,exclusive_guard15_mu0,5,240000,1.0,0.0,4.3088966957469665,5.71586460198148,0.06736120919841479,-2.2395371396838524e-09,1.2704574860720412e-07
n2,uniform,5,240000,1.0,0.0,5.274167161871901,3.8163519266305457,0.06872412703984816,-1.347107281616439e-10,7.848167238341978e-09
n2,guard15_equal,6,240000,1.0,2.0,1.4717502634766788,0.5365547607567578,0.04996750569378411,-2.247366479503293e-09,1.3051419328257235e-07
n2,guard15_equal_mu0,6,240000,1.0,0.0,6.745157544912672,4.582274603819769,0.056616300960589526,-4.2200135247314687e-11,2.6178323388718046e-09
n2,exclusive_guard15_mu2,6,240000,1.0,2.0,0.42024940970009084,2.283406489524964,0.04899453904112966,-7.410675161591647e-10,4.239929165854967e-08
n2,exclusive_guard15_mu0,6,240000,1.0,0.0,6.400862485136827,7.908045517993401,0.062052532228777296,-2.5427799815536553e-10,1.5654779737307213e-08
n2,uniform,6,240000,1.0,0.0,5.008059297963996,1.9623719002339612,0.06189978255039975,-1.0843806994131703e-09,6.115795752337132e-08
n2,guard15_equal,7,240000,1.0,2.0,2.401947520183967,4.798167672859677,0.05569701519373981,-1.5464724298850457e-09,8.576413513924351e-08
n2,guard15_equal_mu0,7,240000,1.0,0.0,6.695597951789978,7.981056267340136,0.058995010413819285,-3.702958069065405e-10,2.1311930877066644e-08
n2,exclusive_guard15_mu2,7,240000,1.0,2.0,1.1633402405806237,0.43508176314333014,0.05057628575477475,-8.378678595542467e-10,4.818483213871657e-08
n2,exclusive_guard15_mu0,7,240000,1.0,0.0,5.45850060983355,4.342331237268127,0.051670085807629204,-1.2410519160254785e-10,7.543131270617293e-09
n2,uniform,7,240000,1.0,0.0,12.158792569323396,9.434061173578812,0.07003384813692304,-1.7015497148965583e-10,9.95073866045322e-09
co_eq,guard15_equal,0,30000,1.0,2.0,19.650224627824286,16.85916938919263,0.1705379456089087,-1.8945275406284324e-10,1.0445590663802628e-08
co_eq,guard15_equal_mu0,0,30000,1.0,0.0,30.443818686393342,27.61987420134915,0.18457458598899168,-2.071146647121755e-10,1.202684739713595e-08
co_eq,exclusive_guard15_mu2,0,30000,1.0,2.0,14.251602083717785,7.319561655023676,0.1600988075421043,-1.2861435586671806e-09,7.17642177337069e-08
co_eq,exclusive_guard15_mu0,0,30000,1.0,0.0,24.094208023598185,17.13210376550478,0.16748252669256394,-4.2379604767907395e-10,2.400565941879058e-08
co_eq,uniform,0,30000,1.0,0.0,15.062674934185338,7.6400473536608615,0.16351291525984,-4.5040024738320766e-10,2.535685596460937e-08
co_eq,guard15_equal,1,30000,1.0,2.0,11.012113949192326,1.6567287688218357,0.15762422366244982,-2.9214937522161765e-09,1.6204494592762303e-07
co_eq,guard15_equal_mu0,1,30000,1.0,0.0,18.61524751937793,10.926062998692032,0.16557928538741293,-1.6008892786894266e-09,9.150161378451115e-08
co_eq,exclusive_guard15_mu2,1,30000,1.0,2.0,7.529840208633232,6.1066916797472,0.11458076082483772,-3.5698263373046066e-10,2.01874371804371e-08
co_eq,exclusive_guard15_mu0,1,30000,1.0,0.0,17.09451249554661,15.232774422727857,0.1295643161775262,-7.588304837354863e-10,4.186121653259402e-08
co_eq,uniform,1,30000,1.0,0.0,27.71417592127534,25.1478246058241,0.17817745030151502,-5.294178479352456e-11,3.2563987386354963e-09
co_eq,guard15_equal,2,30000,1.0,2.0,24.907619471704834,13.128494539969893,0.17145772514625904,-1.5385190576810715e-10,9.167019606024919e-09
co_eq,guard15_equal_mu0,2,30000,1.0,0.0,38.569032647856716,24.162661491786253,0.1838687055422725,-8.439887513694203e-11,4.859599927050293e-09
co_eq,exclusive_guard15_mu2,2,30000,1.0,2.0,18.786777699418167,10.077925005205657,0.15318229178004888,-1.557054345734398e-09,8.752134639736325e-08
co_eq,exclusive_guard15_mu0,2,30000,1.0,0.0,29.584641552290236,21.196523508862697,0.17100025347139533,-1.2338792543891186e-09,6.956812550516724e-08
co_eq,uniform,2,30000,1.0,0.0,27.12753873278473,15.58722092647713,0.16798380312675754,-4.88449992583159e-10,2.9115467068581597e-08
co_eq,guard15_equal,3,30000,1.0,2.0,17.092082274331233,10.697983130910416,0.14984089417520394,-5.60307754204531e-10,3.3973522267473957e-08
co_eq,guard15_equal_mu0,3,30000,1.0,0.0,29.653057553360895,21.26412303948655,0.16884315971977393,-6.355455425852637e-10,3.589143571292411e-08
co_eq,exclusive_guard15_mu2,3,30000,1.0,2.0,12.140079931313608,8.385523485898716,0.16155134524605355,-2.3210170332546738e-10,1.2914791314489647e-08
co_eq,exclusive_guard15_mu0,3,30000,1.0,0.0,23.52840723932559,19.794659874435183,0.17597203761992586,-1.4035926889925018e-09,8.168305411265074e-08
co_eq,uniform,3,30000,1.0,0.0,25.60291203035092,17.320023196319312,0.14991225539207534,-5.920295133845161e-11,3.685778628861889e-09
co_eq,guard15_equal,4,30000,1.0,2.0,13.953303259910399,7.710974979929119,0.1675563395754993,-8.100446289355919e-10,4.658167269899956e-08
co_eq,guard15_equal_mu0,4,30000,1.0,0.0,21.13089835501114,14.318178583835106,0.17957061628612098,-6.701296256824099e-10,3.699920155994121e-08
co_eq,exclusive_guard15_mu2,4,30000,1.0,2.0,17.909108209465785,13.54943093986094,0.1588408239381953,-1.632366179127799e-09,9.396859155013686e-08
co_eq,exclusive_guard15_mu0,4,30000,1.0,0.0,28.761380869610775,24.951614053890125,0.17891489876080868,-3.7775232637509634e-10,2.1686139637518158e-08
co_eq,uniform,4,30000,1.0,0.0,26.290419699634526,24.95173572131648,0.20340835122589596,-4.2490744909418935e-10,2.4962418172493988e-08
co_eq,guard15_equal,5,30000,1.0,2.0,15.7926866633602,2.335729844759271,0.16822564256374173,-6.384841782759547e-10,3.656921738462282e-08
co_eq,guard15_equal_mu0,5,30000,1.0,0.0,23.071947298618056,8.945659374987258,0.18863648081236933,-3.62333645951563e-10,2.0824331757413203e-08
co_eq,exclusive_guard15_mu2,5,30000,1.0,2.0,16.031087583257886,6.726751890894889,0.15395345542789338,-2.1716196895482792e-09,1.205291723923011e-07
co_eq,exclusive_guard15_mu0,5,30000,1.0,0.0,42.71061967131118,32.67340066517477,0.19159814445689505,-2.85411849008247e-10,1.5770497704373946e-08
co_eq,uniform,5,30000,1.0,0.0,14.523448164496244,11.661553429192395,0.13778179808031685,-6.121588784483951e-10,3.421590570544509e-08
co_eq,guard15_equal,6,30000,1.0,2.0,18.45930611303004,5.213867829326091,0.16924684601206386,-4.581173030525554e-10,2.7304530192699937e-08
co_eq,guard15_equal_mu0,6,30000,1.0,0.0,30.667533338515796,16.77056453802095,0.17721419199181954,-3.7625786372080587e-10,2.2632079030806756e-08
co_eq,exclusive_guard15_mu2,6,30000,1.0,2.0,12.5946837909936,-0.7312042299929544,0.16658793740936284,-4.696953995322666e-11,2.689314872093244e-09
co_eq,exclusive_guard15_mu0,6,30000,1.0,0.0,20.983441920975565,8.960876547035923,0.17268571001780667,-8.467205281213452e-10,4.7915770225252845e-08
co_eq,uniform,6,30000,1.0,0.0,27.81680538871001,19.939406571538143,0.17815226816381835,-3.97307048775443e-11,2.2755855616836596e-09
co_eq,guard15_equal,7,30000,1.0,2.0,16.905312961085883,10.372482816563888,0.14231873825994526,-6.479035393394137e-10,3.781677982092394e-08
co_eq,guard15_equal_mu0,7,30000,1.0,0.0,21.98249126549001,15.630062132615308,0.15169952865147973,-3.1061593601237245e-11,1.935053261244528e-09
co_eq,exclusive_guard15_mu2,7,30000,1.0,2.0,11.654168029195944,5.87233765855899,0.14273384656105612,-1.143014556940738e-09,6.504129448379731e-08
co_eq,exclusive_guard15_mu0,7,30000,1.0,0.0,29.788212157001226,22.262990076939104,0.17479764729622915,-8.502722038485079e-10,4.93795527694136e-08
co_eq,uniform,7,30000,1.0,0.0,22.539462313076797,15.852891288631099,0.14659953461147246,-6.383198397265812e-10,3.5753938790211036e-08
co_eq,guard15_equal,0,60000,1.0,2.0,7.821140523191161,0.38545880136098276,0.1233784776665684,-7.455524088571903e-11,4.308347922021105e-09
co_eq,guard15_equal_mu0,0,60000,1.0,0.0,15.285273725879733,8.551538233461997,0.12797986943433723,-5.991599358699867e-10,3.358981794892623e-08
co_eq,exclusive_guard15_mu2,0,60000,1.0,2.0,11.517386053569112,2.050529229705944,0.12968792544342658,-4.505968815558528e-10,2.5534841354082988e-08
co_eq,exclusive_guard15_mu0,0,60000,1.0,0.0,22.03795145106824,13.012791512622357,0.13383947435237378,-1.0493724554014773e-10,6.561954104979001e-09
co_eq,uniform,0,60000,1.0,0.0,19.965999683023483,14.742363011706061,0.15227245137022172,-5.469124493621849e-10,3.01171069458397e-08
co_eq,guard15_equal,1,60000,1.0,2.0,9.5331854780909,5.492037697706564,0.11458524505036936,-1.9715119226559084e-09,1.1603604001326453e-07
co_eq,guard15_equal_mu0,1,60000,1.0,0.0,20.22686409722496,15.496575876184693,0.12959621762943227,-6.579440446447197e-10,3.7143243862630025e-08
co_eq,exclusive_guard15_mu2,1,60000,1.0,2.0,12.722033428133273,5.324964150872802,0.11340037429946634,-4.2692754710892925e-10,2.3781845881586072e-08
co_eq,exclusive_guard15_mu0,1,60000,1.0,0.0,23.336597879080045,14.570984263315268,0.12680260250568579,-1.1802078523132535e-09,7.154294600463024e-08
co_eq,uniform,1,60000,1.0,0.0,16.44092264385222,11.786009114970852,0.13411503614475564,-6.402656927533926e-11,3.843606625822997e-09
co_eq,guard15_equal,2,60000,1.0,2.0,5.063321866742854,2.5580021171265344,0.08944326580283782,-2.359954421567071e-10,1.3210442296423181e-08
co_eq,guard15_equal_mu0,2,60000,1.0,0.0,11.132985337766854,7.6554974683347154,0.09064067352634644,-2.0080815895782063e-09,1.123750129630056e-07
co_eq,exclusive_guard15_mu2,2,60000,1.0,2.0,10.38667670384541,6.341444072035074,0.10782134554170837,-3.9533621037592797e-10,2.264100403096121e-08
co_eq,exclusive_guard15_mu0,2,60000,1.0,0.0,22.63527470196891,17.18044300834265,0.1259003752305624,-6.36464928029377e-10,3.6220665932752436e-08
co_eq,uniform,2,60000,1.0,0.0,18.899471601542928,13.312900763295943,0.11525175501740823,-1.0909292196022745e-10,8.018956340894979e-09
co_eq,guard15_equal,3,60000,1.0,2.0,10.607034823465256,7.310722780289325,0.09842474879024096,-9.361617220371302e-10,5.266386535852736e-08
co_eq,guard15_equal_mu0,3,60000,1.0,0.0,18.69649963362008,14.184290508467257,0.11340482680161156,-8.119989628068063e-10,4.566934234353642e-08
co_eq,exclusive_guard15_mu2,3,60000,1.0,2.0,4.572815662271523,-0.6195332705374312,0.10358452454938073,-1.9982471018093356e-10,1.1239280179454295e-08
co_eq,exclusive_guard15_mu0,3,60000,1.0,0.0,12.477806500129418,8.289567568908751,0.11097176574689163,-5.5721466769919386e-11,3.3484449136955123e-09
co_eq,uniform,3,60000,1.0,0.0,17.580020731514878,13.218701965541868,0.13049968342530982,-8.196484401356135e-11,4.5956236490010365e-09
co_eq,guard15_equal,4,60000,1.0,2.0,5.5339675754026985,2.94134792622458,0.08855787944857894,-1.7619458937034003e-09,1.0107630142720777e-07
co_eq,guard15_equal_mu0,4,60000,1.0,0.0,12.77586967394484,9.853899404589583,0.10184164533997049,-1.3120533964434403e-09,7.279596547790532e-08
co_eq,exclusive_guard15_mu2,4,60000,1.0,2.0,12.709744250244626,11.854556975194441,0.1257337436284336,-1.288341461416403e-09,7.448246865349669e-08
co_eq,exclusive_guard15_mu0,4,60000,1.0,0.0,24.502513053590746,23.741424132111888,0.1417491001151504,-9.693221941927318e-10,5.522865244681963e-08
co_eq,uniform,4,60000,1.0,0.0,13.693090237495653,16.952869498950918,0.10604443485272758,-7.502490079466941e-10,4.202284094683269e-08
co_eq,guard15_equal,5,60000,1.0,2.0,10.729389312587045,3.0855871286945558,0.13418507841545657,-5.278938684786325e-10,3.0662210495619804e-08
co_eq,guard15_equal_mu0,5,60000,1.0,0.0,15.320015514618035,7.735780678046922,0.14264862596142466,-4.9920908919687304e-11,2.8682040613922103e-09
co_eq,exclusive_guard15_mu2,5,60000,1.0,2.0,6.4691127975322615,2.572560536691526,0.09308810111959866,-2.527828917381691e-09,1.4251723148732163e-07
co_eq,exclusive_guard15_mu0,5,60000,1.0,0.0,13.645278675895156,10.304769631375166,0.09957060456612717,-1.6821293695375483e-09,9.619246833613499e-08
co_eq,uniform,5,60000,1.0,0.0,14.846791477111765,6.794842010961588,0.1295685812869007,-1.584228842627387e-09,8.791143348128259e-08
co_eq,guard15_equal,6,60000,1.0,2.0,4.160799437585183,5.634410723700967,0.08167204568075932,-1.0203757720110956e-09,5.6661606353766634e-08
co_eq,guard15_equal_mu0,6,60000,1.0,0.0,9.7944970585786,10.935495544771356,0.09031322824146104,-3.529748908824438e-10,2.0149060175148444e-08
co_eq,exclusive_guard15_mu2,6,60000,1.0,2.0,7.472091342549447,1.6058437117294488,0.10174702329311626,-8.534863797201035e-10,4.9248871666896444e-08
co_eq,exclusive_guard15_mu0,6,60000,1.0,0.0,19.029837310455378,11.98070857935818,0.11039942485725787,-1.418461710468018e-09,8.377612094632625e-08
co_eq,uniform,6,60000,1.0,0.0,22.069918919854103,15.651916205925431,0.1425967737298854,-1.2065468086302261e-09,6.720271220076573e-08
co_eq,guard15_equal,7,60000,1.0,2.0,11.235246419460054,4.568456247852737,0.10883805209597823,-4.544857783811033e-10,2.527869608318832e-08
co_eq,guard15_equal_mu0,7,60000,1.0,0.0,16.897480129387077,9.530107040376379,0.11997865896428023,-6.742496810344903e-10,3.7244323520980716e-08
co_eq,exclusive_guard15_mu2,7,60000,1.0,2.0,6.344520620189087,2.1728120553063945,0.10508186441544165,-2.897929019290356e-09,1.6687305253015e-07
co_eq,exclusive_guard15_mu0,7,60000,1.0,0.0,18.79867613308761,12.854579438638325,0.11075283668697339,-3.196630823861392e-10,1.827024347588471e-08
co_eq,uniform,7,60000,1.0,0.0,20.830489107851236,18.319169123614643,0.14523479057647876,-3.17248557207875e-11,1.826052756050009e-09
co_eq,guard15_equal,0,120000,1.0,2.0,4.97795256625011,3.0208859940046295,0.06770962156028999,-8.906712354882631e-10,5.015429819893572e-08
co_eq,guard15_equal_mu0,0,120000,1.0,0.0,10.303543076702226,7.805476398644373,0.07045365891994954,-2.223248172591561e-09,1.280245370730502e-07
co_eq,exclusive_guard15_mu2,0,120000,1.0,2.0,10.444402739324232,6.9160069907070465,0.08671207823180456,-9.620160579478513e-10,5.365181643714236e-08
co_eq,exclusive_guard15_mu0,0,120000,1.0,0.0,19.127063225525376,15.242480742500675,0.09106842601716168,-2.5345640212675307e-10,1.4813681741501938e-08
co_eq,uniform,0,120000,1.0,0.0,14.178101811452848,7.919140072090158,0.09711710663137316,-1.3257170064002973e-09,7.376668193086787e-08
co_eq,guard15_equal,1,120000,1.0,2.0,3.628380316087032,1.5411581748594472,0.08284619246317274,-1.5522984647993338e-09,8.616847665203597e-08
co_eq,guard15_equal_mu0,1,120000,1.0,0.0,7.56723438630047,5.8543848532082166,0.08630613611505653,-2.5475787691404336e-10,1.4060985194514267e-08
co_eq,exclusive_guard15_mu2,1,120000,1.0,2.0,4.809219230565986,1.5614169088422614,0.07695174220853077,-7.060509480389605e-10,3.949470031557194e-08
co_eq,exclusive_guard15_mu0,1,120000,1.0,0.0,10.562676853524522,6.52345189001835,0.08253978659819541,-3.271919698944599e-10,1.9391448838838766e-08
co_eq,uniform,1,120000,1.0,0.0,16.116343198476102,11.67418974361567,0.10112283255047105,-1.3012840737132911e-09,7.46525195432454e-08
co_eq,guard15_equal,2,120000,1.0,2.0,4.948380634118621,2.9067085346241583,0.09913343032666357,-1.223989623584004e-09,6.858327556988423e-08
co_eq,guard15_equal_mu0,2,120000,1.0,0.0,13.504178326002148,10.18603961196618,0.10476989929174473,-1.348661686102572e-09,7.717339660646392e-08
co_eq,exclusive_guard15_mu2,2,120000,1.0,2.0,8.08056018455261,4.4791989790411435,0.0966482770268657,-2.4899111739781487e-09,1.419578765602303e-07
co_eq,exclusive_guard15_mu0,2,120000,1.0,0.0,18.38527123864253,14.609078573698753,0.10612075013244188,-8.175054404678127e-10,5.2988307036971e-08
co_eq,uniform,2,120000,1.0,0.0,8.569529940416487,6.684296859759797,0.09156875143610989,-1.673358135541175e-09,9.356037706188447e-08
co_eq,guard15_equal,3,120000,1.0,2.0,5.41499691659908,3.5891595502306473,0.06388152120110956,-1.8347728854353143e-09,1.0350715267179032e-07
co_eq,guard15_equal_mu0,3,120000,1.0,0.0,11.17227529232423,8.254123140574166,0.07415640989699936,-7.07934263656478e-10,4.150328605446605e-08
co_eq,exclusive_guard15_mu2,3,120000,1.0,2.0,2.5749199848945636,-0.21381572538814453,0.07603778393319907,-1.8068494386847456e-09,1.0208947361488012e-07
co_eq,exclusive_guard15_mu0,3,120000,1.0,0.0,6.299605708790068,4.223232558274503,0.08142234901144448,-1.377686863378938e-09,8.102854905670814e-08
co_eq,uniform,3,120000,1.0,0.0,22.68658587297523,15.829479042679395,0.12184041656053504,-3.1566850656279576e-10,1.783557653607478e-08
co_eq,guard15_equal,4,120000,1.0,2.0,4.530828794159447,-1.0530119903648938,0.08022610857008153,-9.87443251760448e-10,5.502801077010601e-08
co_eq,guard15_equal_mu0,4,120000,1.0,0.0,7.624665029368316,2.064952897370631,0.08270024702471881,-7.48183033029849e-10,4.321422797085261e-08
co_eq,exclusive_guard15_mu2,4,120000,1.0,2.0,1.6217477998168306,-0.9788203442298027,0.07895402153387047,-2.5412334031020574e-10,1.4677293894511305e-08
co_eq,exclusive_guard15_mu0,4,120000,1.0,0.0,9.230352066822434,6.708234774691846,0.07983813623107483,-6.143026224231944e-11,3.3792912756021964e-09
co_eq,uniform,4,120000,1.0,0.0,17.614262257950486,16.250084248994767,0.08793396372624554,-2.0389420991540588e-09,1.1334469702891314e-07
co_eq,guard15_equal,5,120000,1.0,2.0,4.054670263712978,1.6893591420057419,0.0730851975445074,-9.78057769531631e-10,5.470353432614237e-08
co_eq,guard15_equal_mu0,5,120000,1.0,0.0,9.928127097026618,7.626495374196907,0.07929312567977326,-2.097015662227656e-09,1.1781075196591561e-07
co_eq,exclusive_guard15_mu2,5,120000,1.0,2.0,4.1275330666508125,1.4455504401382768,0.06630868903697135,-8.155160153091293e-10,4.553946266047246e-08
co_eq,exclusive_guard15_mu0,5,120000,1.0,0.0,10.107813574364855,6.12632443089467,0.07330845171665294,-1.9786314584092781e-10,1.1312310647596424e-08
co_eq,uniform,5,120000,1.0,0.0,11.815154462226474,5.119705373843431,0.10771507179825343,-1.2193700842475435e-10,6.906651584306513e-09
co_eq,guard15_equal,6,120000,1.0,2.0,1.708445142725168,1.1202611440239707,0.07455661961894526,-3.189473297237038e-09,1.8342104570427284e-07
co_eq,guard15_equal_mu0,6,120000,1.0,0.0,5.37950934563014,5.473911562603462,0.07957185000340307,-2.2258643444765304e-10,1.3142019857121031e-08
co_eq,exclusive_guard15_mu2,6,120000,1.0,2.0,4.491916412561636,3.0288086037444373,0.0866879836416108,-2.909051622370668e-09,1.6646402568531256e-07
co_eq,exclusive_guard15_mu0,6,120000,1.0,0.0,8.31925772003217,7.416807257044411,0.08599395311416863,-1.952509468210913e-10,1.1120344777542032e-08
co_eq,uniform,6,120000,1.0,0.0,10.015023127010636,7.947183454390938,0.09536880947883711,-2.62703644756302e-10,1.4544446323773109e-08
co_eq,guard15_equal,7,120000,1.0,2.0,6.1681634322781065,1.6737933481891787,0.08317136620511932,-5.236791249359203e-10,2.8947611309981214e-08
co_eq,guard15_equal_mu0,7,120000,1.0,0.0,9.894292245803626,5.5024005217774175,0.08953895873641209,-3.405443225745252e-11,1.9884450221691375e-09
co_eq,exclusive_guard15_mu2,7,120000,1.0,2.0,4.589373743428382,3.6223203925516145,0.0674981062201225,-1.8191785738464944e-09,1.0430785219312247e-07
co_eq,exclusive_guard15_mu0,7,120000,1.0,0.0,18.9948646198701,16.343410791691326,0.08450690165793816,-3.914463898511142e-10,2.2245358217829776e-08
co_eq,uniform,7,120000,1.0,0.0,17.034249718605565,10.230007753435189,0.11126437932726166,-5.073290221335701e-10,2.9875850379906804e-08
co_eq,guard15_equal,0,240000,1.0,2.0,2.7263722994632644,3.558497107874814,0.0568735789451343,-2.1367637297195754e-10,1.2276607786435132e-08
co_eq,guard15_equal_mu0,0,240000,1.0,0.0,8.148894585758626,8.473038241206154,0.06337792397193218,-1.903218312734788e-09,1.0639833831714422e-07
co_eq,exclusive_guard15_mu2,0,240000,1.0,2.0,4.93899170169243,1.0223335044230453,0.058239727787571895,-9.098749669459941e-10,5.1332003475502284e-08
co_eq,exclusive_guard15_mu0,0,240000,1.0,0.0,11.062381115664266,6.672800403123347,0.06693299202413572,-3.860798954013404e-11,2.5418109534839046e-09
co_eq,uniform,0,240000,1.0,0.0,11.309029393942183,8.918479597483042,0.07730690178830947,-1.3975452996070401e-09,8.10151032005513e-08
co_eq,guard15_equal,1,240000,1.0,2.0,5.438378440089764,0.07062544268876536,0.07248184807890347,-3.274862184419283e-10,1.904106617516654e-08
co_eq,guard15_equal_mu0,1,240000,1.0,0.0,8.517354850710035,2.982382917537052,0.07432538751098458,-1.7062257317812297e-09,9.608368566010929e-08
co_eq,exclusive_guard15_mu2,1,240000,1.0,2.0,1.7857806523835507,1.4489965592190401,0.04670466462942592,-2.553821025370379e-09,1.426881885405098e-07
co_eq,exclusive_guard15_mu0,1,240000,1.0,0.0,4.9103772786338595,4.691250918511969,0.051989335081375265,-3.7044280275249144e-10,2.0638760463051875e-08
co_eq,uniform,1,240000,1.0,0.0,6.292758006523513,6.448883057259991,0.08264210836130712,-3.51676792706301e-10,1.9564111056138288e-08
co_eq,guard15_equal,2,240000,1.0,2.0,3.081514965415977,0.21884832719365477,0.06352008056129173,-9.534111705769911e-10,5.352050092306355e-08
co_eq,guard15_equal_mu0,2,240000,1.0,0.0,9.03328302342743,5.362168738486162,0.06701849234962479,-2.0397713421063857e-09,1.1392339127352255e-07
co_eq,exclusive_guard15_mu2,2,240000,1.0,2.0,3.002861516250732,4.116834301001404,0.054337577672564065,-3.8041528435447926e-10,2.1098998110357476e-08
co_eq,exclusive_guard15_mu0,2,240000,1.0,0.0,9.253810611497215,9.580112230111126,0.06339595549368392,-1.5334895963265862e-10,9.026825296650005e-09
co_eq,uniform,2,240000,1.0,0.0,9.729718142395427,7.198880580119749,0.08548317888879381,-2.0366036836323944e-10,1.1483678309063678e-08
co_eq,guard15_equal,3,240000,1.0,2.0,6.079960699253206,5.821979648047204,0.05790043852881214,-1.0995148131035579e-09,6.171198110511242e-08
co_eq,guard15_equal_mu0,3,240000,1.0,0.0,10.585771749703099,9.114994658716569,0.06371203459712661,-2.2167519531941326e-10,1.2369760766544795e-08
co_eq,exclusive_guard15_mu2,3,240000,1.0,2.0,0.12064972548841979,0.7637220747227502,0.05221817239394447,-4.340946065900036e-10,2.4670180665508648e-08
co_eq,exclusive_guard15_mu0,3,240000,1.0,0.0,3.6881134670636584,4.933107139493131,0.057170785985662366,-3.539922400349308e-10,2.07972269959177e-08
co_eq,uniform,3,240000,1.0,0.0,7.07057036255776,4.547534532903796,0.06355516889896262,-1.1509163737310639e-09,6.404987237851801e-08
co_eq,guard15_equal,4,240000,1.0,2.0,3.963258057154917,0.855754070599346,0.06886685649224335,-1.6452444305309238e-10,9.14781185496723e-09
co_eq,guard15_equal_mu0,4,240000,1.0,0.0,6.547791493204613,3.10352635325728,0.07123032168041166,-4.3237153667092463e-10,2.4984683522629324e-08
co_eq,exclusive_guard15_mu2,4,240000,1.0,2.0,1.3219894842535496,-0.6176558338069071,0.06146257719923019,-1.3147421925460112e-09,7.296212815209268e-08
co_eq,exclusive_guard15_mu0,4,240000,1.0,0.0,3.7392741709965094,2.8751773760973265,0.06270628351353333,-6.146347457250186e-10,3.590693550773493e-08
co_eq,uniform,4,240000,1.0,0.0,5.552985442548675,2.8688596690926715,0.07723437226635539,-1.0570353131189777e-09,5.938367033869527e-08
co_eq,guard15_equal,5,240000,1.0,2.0,2.191045059191765,0.9992616476779403,0.051941311153479525,-3.616932016569806e-10,2.017618195428313e-08
co_eq,guard15_equal_mu0,5,240000,1.0,0.0,4.670648583143588,3.353165568526606,0.05367884889487146,-1.318901267261461e-11,8.134897611709371e-10
co_eq,exclusive_guard15_mu2,5,240000,1.0,2.0,0.6210980723722059,0.8592218904510673,0.05570329738026442,-1.878450721747718e-10,1.0544573439845911e-08
co_eq,exclusive_guard15_mu0,5,240000,1.0,0.0,4.404606817161039,4.000178275802568,0.0629892592770661,-4.413308935149255e-11,2.626374974469747e-09
co_eq,uniform,5,240000,1.0,0.0,5.419955721578162,3.9199877908657754,0.06225504702914502,-1.7513636360137491e-10,9.773897302241941e-09
co_eq,guard15_equal,6,240000,1.0,2.0,0.8405944891762829,0.03114259962444521,0.04857994276874787,-6.009543991722798e-10,3.402386986842334e-08
co_eq,guard15_equal_mu0,6,240000,1.0,0.0,3.528604002838165,2.553432702612213,0.05451213434715098,-1.005879840134316e-09,5.733776260752813e-08
co_eq,exclusive_guard15_mu2,6,240000,1.0,2.0,2.1264253523725074,1.0209164950936156,0.07007091981948366,-1.9375392119746736e-10,1.084544417337464e-08
co_eq,exclusive_guard15_mu0,6,240000,1.0,0.0,4.8530391326551126,4.112623365031709,0.07292487925022886,-5.633813408527402e-10,3.137433011092885e-08
co_eq,uniform,6,240000,1.0,0.0,6.206485152233654,4.250495058613524,0.06644706405789566,-6.378252624505703e-11,3.859132344836007e-09
co_eq,guard15_equal,7,240000,1.0,2.0,1.9497330126654333,1.6341078325154967,0.05552995792582779,-6.458666015986415e-10,3.742791591038545e-08
co_eq,guard15_equal_mu0,7,240000,1.0,0.0,4.702468953141192,4.771335539757615,0.05965522447879982,-1.3956283783910341e-09,7.799191870053625e-08
co_eq,exclusive_guard15_mu2,7,240000,1.0,2.0,0.6418695254097884,-2.3462515040222343,0.0502200790326107,-3.1653235760755183e-10,1.7715336680017192e-08
co_eq,exclusive_guard15_mu0,7,240000,1.0,0.0,2.5287192536325165,0.3009387778547534,0.052176846215466054,-1.674641403428845e-10,9.614239847075009e-09
co_eq,uniform,7,240000,1.0,0.0,8.755228820007233,8.394130472780148,0.07368040228238852,-6.411476654625884e-10,3.7615614385305534e-08
