system,budget,stream,arm,lambda_radius,mu_ftpbe,h_error_mHa,f_error_mHa,joint_error_mHa,d2_error
n2,30000,0,uniform,1.0,0.0,41.769563356837125,29.632324688080303,51.212997270621095,0.20257570092198193
n2,30000,0,guard15_equal,1.0,2.0,17.630612736951434,17.92125282558743,25.139805256186445,0.14791409980346923
n2,30000,0,guard15_equal_mu0,1.0,0.0,35.32289570713942,33.30575677969705,48.54874247398983,0.16471363803249522
n2,30000,0,exclusive_guard15_mu2,1.0,2.0,9.72302270834291,-2.043930954570783,9.935533419701457,0.15270044357730628
n2,30000,0,exclusive_guard15_mu0,1.0,0.0,21.41885217874062,7.42178356775014,22.668261953252347,0.1711472020135374
n2,60000,0,uniform,1.0,0.0,28.4357125418353,21.430850566474646,35.60717770007132,0.15779996009329472
n2,60000,0,guard15_equal,1.0,2.0,7.36774895256076,10.23558000332514,12.611535300368057,0.12310327289960812
n2,60000,0,guard15_equal_mu0,1.0,0.0,14.753112662589274,16.72017398405501,22.29839795348809,0.13268255768209516
n2,60000,0,exclusive_guard15_mu2,1.0,2.0,8.559071045866062,0.47572766669645716,8.572281725482616,0.1332241091464446
n2,60000,0,exclusive_guard15_mu0,1.0,0.0,17.00000139052804,8.456332102710462,18.987090348689208,0.13281129508438821
n2,120000,0,uniform,1.0,0.0,12.116737099361785,11.110768126101789,16.439722816612502,0.09341111653032992
n2,120000,0,guard15_equal,1.0,2.0,6.998964272725061,6.637712163069409,9.645969295547307,0.08153092015811969
n2,120000,0,guard15_equal_mu0,1.0,0.0,13.501045635763376,12.322310307126827,18.27888302287887,0.08834548709429765
n2,120000,0,exclusive_guard15_mu2,1.0,2.0,3.692888636976477,1.3298268187327267,3.925030681782091,0.08360062478743523
n2,120000,0,exclusive_guard15_mu0,1.0,0.0,15.969229481825664,11.227131759895315,19.520880558961988,0.09534524973176366
n2,240000,0,uniform,1.0,0.0,10.395608135283396,9.757278289924898,14.25738924661209,0.06894184414244607
n2,240000,0,guard15_equal,1.0,2.0,5.352258797998388,6.166500624701143,8.16531715214974,0.0708066591039553
n2,240000,0,guard15_equal_mu0,1.0,0.0,8.792197476523711,9.583498293380899,13.005620938864261,0.07314798810090857
n2,240000,0,exclusive_guard15_mu2,1.0,2.0,3.859059959154365,1.6411067056907314,4.19351582658413,0.05284033981252575
n2,240000,0,exclusive_guard15_mu0,1.0,0.0,8.634450798112425,6.449541239206269,10.77730591480295,0.05723856821623099
co_eq,30000,0,uniform,1.0,0.0,15.062674934185338,7.6400473536608615,16.889478965886294,0.16351291525984
co_eq,30000,0,guard15_equal,1.0,2.0,19.650224627824286,16.85916938919263,25.8913676814772,0.1705379456089087
co_eq,30000,0,guard15_equal_mu0,1.0,0.0,30.443818686393342,27.61987420134915,41.1057605100349,0.18457458598899168
co_eq,30000,0,exclusive_guard15_mu2,1.0,2.0,14.251602083717785,7.319561655023676,16.021365259375433,0.1600988075421043
co_eq,30000,0,exclusive_guard15_mu0,1.0,0.0,24.094208023598185,17.13210376550478,29.56416478976611,0.16748252669256394
co_eq,60000,0,uniform,1.0,0.0,19.965999683023483,14.742363011706061,24.818912355528653,0.15227245137022172
co_eq,60000,0,guard15_equal,1.0,2.0,7.821140523191161,0.38545880136098276,7.830633280332412,0.1233784776665684
co_eq,60000,0,guard15_equal_mu0,1.0,0.0,15.285273725879733,8.551538233461997,17.51480513832317,0.12797986943433723
co_eq,60000,0,exclusive_guard15_mu2,1.0,2.0,11.517386053569112,2.050529229705944,11.698497836424416,0.12968792544342658
co_eq,60000,0,exclusive_guard15_mu0,1.0,0.0,22.03795145106824,13.012791512622357,25.593046850865903,0.13383947435237378
co_eq,120000,0,uniform,1.0,0.0,14.178101811452848,7.919140072090158,16.239807586831397,0.09711710663137316
co_eq,120000,0,guard15_equal,1.0,2.0,4.97795256625011,3.0208859940046295,5.8228656124462805,0.06770962156028999
co_eq,120000,0,guard15_equal_mu0,1.0,0.0,10.303543076702226,7.805476398644373,12.926270217787215,0.07045365891994954
co_eq,120000,0,exclusive_guard15_mu2,1.0,2.0,10.444402739324232,6.9160069907070465,12.526639664200143,0.08671207823180456
co_eq,120000,0,exclusive_guard15_mu0,1.0,0.0,19.127063225525376,15.242480742500675,24.45767296409757,0.09106842601716168
co_eq,240000,0,uniform,1.0,0.0,11.309029393942183,8.918479597483042,14.402549224486947,0.07730690178830947
co_eq,240000,0,guard15_equal,1.0,2.0,2.7263722994632644,3.558497107874814,4.482857078028924,0.0568735789451343
co_eq,240000,0,guard15_equal_mu0,1.0,0.0,8.148894585758626,8.473038241206154,11.755716056742274,0.06337792397193218
co_eq,240000,0,exclusive_guard15_mu2,1.0,2.0,4.93899170169243,1.0223335044230453,5.0436896042136246,0.058239727787571895
co_eq,240000,0,exclusive_guard15_mu0,1.0,0.0,11.062381115664266,6.672800403123347,12.919076637597923,0.06693299202413572
