panel,group,metric,stream,signed_error_mHa,source
R=0.80,uniform,H,0,13.095024854578696,guard15_equal_real30_n2_scan120k/results/n2_r080/uniform/b120000_r0.json
R=0.80,uniform,H,1,11.53870323722117,guard15_equal_real30_n2_scan120k/results/n2_r080/uniform/b120000_r1.json
R=0.80,uniform,H,2,12.411715399423429,guard15_equal_real30_n2_scan120k/results/n2_r080/uniform/b120000_r2.json
R=0.80,uniform,H,3,14.966336290314075,guard15_equal_real30_n2_scan120k/results/n2_r080/uniform/b120000_r3.json
R=0.80,uniform,H,4,15.113888974838119,guard15_equal_real30_n2_scan120k/results/n2_r080/uniform/b120000_r4.json
R=0.80,uniform,H,5,11.355401906456564,guard15_equal_real30_n2_scan120k/results/n2_r080/uniform/b120000_r5.json
R=0.80,uniform,H,6,8.701943085441144,guard15_equal_real30_n2_scan120k/results/n2_r080/uniform/b120000_r6.json
R=0.80,uniform,H,7,11.684329170961405,guard15_equal_real30_n2_scan120k/results/n2_r080/uniform/b120000_r7.json
R=0.90,uniform,H,0,24.618777505153844,guard15_equal_real30_n2_scan120k/results/n2_r090/uniform/b120000_r0.json
R=0.90,uniform,H,1,11.719013511736875,guard15_equal_real30_n2_scan120k/results/n2_r090/uniform/b120000_r1.json
R=0.90,uniform,H,2,18.927619225323156,guard15_equal_real30_n2_scan120k/results/n2_r090/uniform/b120000_r2.json
R=0.90,uniform,H,3,17.20053572809377,guard15_equal_real30_n2_scan120k/results/n2_r090/uniform/b120000_r3.json
R=0.90,uniform,H,4,13.09763589355839,guard15_equal_real30_n2_scan120k/results/n2_r090/uniform/b120000_r4.json
R=0.90,uniform,H,5,10.808563164133034,guard15_equal_real30_n2_scan120k/results/n2_r090/uniform/b120000_r5.json
R=0.90,uniform,H,6,15.20753689297294,guard15_equal_real30_n2_scan120k/results/n2_r090/uniform/b120000_r6.json
R=0.90,uniform,H,7,18.369278615310236,guard15_equal_real30_n2_scan120k/results/n2_r090/uniform/b120000_r7.json
R=1.00,uniform,H,0,25.55510527756155,guard15_equal_real30_n2_scan120k/results/n2_r100/uniform/b120000_r0.json
R=1.00,uniform,H,1,22.439502305275028,guard15_equal_real30_n2_scan120k/results/n2_r100/uniform/b120000_r1.json
R=1.00,uniform,H,2,13.918270965191937,guard15_equal_real30_n2_scan120k/results/n2_r100/uniform/b120000_r2.json
R=1.00,uniform,H,3,14.149999879180086,guard15_equal_real30_n2_scan120k/results/n2_r100/uniform/b120000_r3.json
R=1.00,uniform,H,4,10.447652183941614,guard15_equal_real30_n2_scan120k/results/n2_r100/uniform/b120000_r4.json
R=1.00,uniform,H,5,22.69328673745008,guard15_equal_real30_n2_scan120k/results/n2_r100/uniform/b120000_r5.json
R=1.00,uniform,H,6,15.429962904605077,guard15_equal_real30_n2_scan120k/results/n2_r100/uniform/b120000_r6.json
R=1.00,uniform,H,7,18.77288426194923,guard15_equal_real30_n2_scan120k/results/n2_r100/uniform/b120000_r7.json
R=1.10,uniform,H,0,12.116737099361785,guard15_equal_real30_n2_scan120k/results/n2_r110/uniform/b120000_r0.json
R=1.10,uniform,H,1,22.530857565328688,guard15_equal_real30_n2_scan120k/results/n2_r110/uniform/b120000_r1.json
R=1.10,uniform,H,2,15.017007270301974,guard15_equal_real30_n2_scan120k/results/n2_r110/uniform/b120000_r2.json
R=1.10,uniform,H,3,11.3146792672012,guard15_equal_real30_n2_scan120k/results/n2_r110/uniform/b120000_r3.json
R=1.10,uniform,H,4,17.617678207273002,guard15_equal_real30_n2_scan120k/results/n2_r110/uniform/b120000_r4.json
R=1.10,uniform,H,5,7.963869607721108,guard15_equal_real30_n2_scan120k/results/n2_r110/uniform/b120000_r5.json
R=1.10,uniform,H,6,11.900172907473916,guard15_equal_real30_n2_scan120k/results/n2_r110/uniform/b120000_r6.json
R=1.10,uniform,H,7,28.387881750802535,guard15_equal_real30_n2_scan120k/results/n2_r110/uniform/b120000_r7.json
R=1.25,uniform,H,0,4.496577613551267,guard15_equal_real30_n2_scan120k/results/n2_r125/uniform/b120000_r0.json
R=1.25,uniform,H,1,20.413103955760903,guard15_equal_real30_n2_scan120k/results/n2_r125/uniform/b120000_r1.json
R=1.25,uniform,H,2,23.57961271188458,guard15_equal_real30_n2_scan120k/results/n2_r125/uniform/b120000_r2.json
R=1.25,uniform,H,3,13.379691042615605,guard15_equal_real30_n2_scan120k/results/n2_r125/uniform/b120000_r3.json
R=1.25,uniform,H,4,8.300549762211062,guard15_equal_real30_n2_scan120k/results/n2_r125/uniform/b120000_r4.json
R=1.25,uniform,H,5,19.725443549660326,guard15_equal_real30_n2_scan120k/results/n2_r125/uniform/b120000_r5.json
R=1.25,uniform,H,6,18.237673135175214,guard15_equal_real30_n2_scan120k/results/n2_r125/uniform/b120000_r6.json
R=1.25,uniform,H,7,13.47284679700067,guard15_equal_real30_n2_scan120k/results/n2_r125/uniform/b120000_r7.json
R=1.45,uniform,H,0,-2.092619716449917,guard15_equal_real30_n2_scan120k/results/n2_r145/uniform/b120000_r0.json
R=1.45,uniform,H,1,4.315837644128351,guard15_equal_real30_n2_scan120k/results/n2_r145/uniform/b120000_r1.json
R=1.45,uniform,H,2,4.165822628976912,guard15_equal_real30_n2_scan120k/results/n2_r145/uniform/b120000_r2.json
R=1.45,uniform,H,3,5.245286003699334,guard15_equal_real30_n2_scan120k/results/n2_r145/uniform/b120000_r3.json
R=1.45,uniform,H,4,6.835072629399974,guard15_equal_real30_n2_scan120k/results/n2_r145/uniform/b120000_r4.json
R=1.45,uniform,H,5,2.6321435004632576,guard15_equal_real30_n2_scan120k/results/n2_r145/uniform/b120000_r5.json
R=1.45,uniform,H,6,10.598560442289795,guard15_equal_real30_n2_scan120k/results/n2_r145/uniform/b120000_r6.json
R=1.45,uniform,H,7,0.6795743554448563,guard15_equal_real30_n2_scan120k/results/n2_r145/uniform/b120000_r7.json
R=1.60,uniform,H,0,3.6850034465487624,guard15_equal_real30_n2_scan120k/results/n2_r160/uniform/b120000_r0.json
R=1.60,uniform,H,1,5.694724144220231,guard15_equal_real30_n2_scan120k/results/n2_r160/uniform/b120000_r1.json
R=1.60,uniform,H,2,0.6200497682158357,guard15_equal_real30_n2_scan120k/results/n2_r160/uniform/b120000_r2.json
R=1.60,uniform,H,3,7.5418763269397004,guard15_equal_real30_n2_scan120k/results/n2_r160/uniform/b120000_r3.json
R=1.60,uniform,H,4,7.228261430057614,guard15_equal_real30_n2_scan120k/results/n2_r160/uniform/b120000_r4.json
R=1.60,uniform,H,5,3.3215093735492474,guard15_equal_real30_n2_scan120k/results/n2_r160/uniform/b120000_r5.json
R=1.60,uniform,H,6,9.973118146461957,guard15_equal_real30_n2_scan120k/results/n2_r160/uniform/b120000_r6.json
R=1.60,uniform,H,7,0.6329733300418638,guard15_equal_real30_n2_scan120k/results/n2_r160/uniform/b120000_r7.json
R=1.80,uniform,H,0,8.0194646742342,guard15_equal_real30_n2_scan120k/results/n2_r180/uniform/b120000_r0.json
R=1.80,uniform,H,1,4.8146546379257416,guard15_equal_real30_n2_scan120k/results/n2_r180/uniform/b120000_r1.json
R=1.80,uniform,H,2,0.726423430990053,guard15_equal_real30_n2_scan120k/results/n2_r180/uniform/b120000_r2.json
R=1.80,uniform,H,3,1.9262962527051286,guard15_equal_real30_n2_scan120k/results/n2_r180/uniform/b120000_r3.json
R=1.80,uniform,H,4,6.58711712775073,guard15_equal_real30_n2_scan120k/results/n2_r180/uniform/b120000_r4.json
R=1.80,uniform,H,5,1.2566436411844961,guard15_equal_real30_n2_scan120k/results/n2_r180/uniform/b120000_r5.json
R=1.80,uniform,H,6,9.635620519162558,guard15_equal_real30_n2_scan120k/results/n2_r180/uniform/b120000_r6.json
R=1.80,uniform,H,7,-1.1939729880054983,guard15_equal_real30_n2_scan120k/results/n2_r180/uniform/b120000_r7.json
R=2.00,uniform,H,0,7.617881916786473,guard15_equal_real30_n2_scan120k/results/n2_r200/uniform/b120000_r0.json
R=2.00,uniform,H,1,3.516823111993972,guard15_equal_real30_n2_scan120k/results/n2_r200/uniform/b120000_r1.json
R=2.00,uniform,H,2,2.629933327710887,guard15_equal_real30_n2_scan120k/results/n2_r200/uniform/b120000_r2.json
R=2.00,uniform,H,3,3.2711420335260755,guard15_equal_real30_n2_scan120k/results/n2_r200/uniform/b120000_r3.json
R=2.00,uniform,H,4,5.241056924290888,guard15_equal_real30_n2_scan120k/results/n2_r200/uniform/b120000_r4.json
R=2.00,uniform,H,5,3.756173972817578,guard15_equal_real30_n2_scan120k/results/n2_r200/uniform/b120000_r5.json
R=2.00,uniform,H,6,7.460106030663383,guard15_equal_real30_n2_scan120k/results/n2_r200/uniform/b120000_r6.json
R=2.00,uniform,H,7,3.2410959943831585,guard15_equal_real30_n2_scan120k/results/n2_r200/uniform/b120000_r7.json
R=2.20,uniform,H,0,6.345948869054041,guard15_equal_real30_n2_scan120k/results/n2_r220/uniform/b120000_r0.json
R=2.20,uniform,H,1,6.048734663167465,guard15_equal_real30_n2_scan120k/results/n2_r220/uniform/b120000_r1.json
R=2.20,uniform,H,2,10.408026070038545,guard15_equal_real30_n2_scan120k/results/n2_r220/uniform/b120000_r2.json
R=2.20,uniform,H,3,6.482955758954745,guard15_equal_real30_n2_scan120k/results/n2_r220/uniform/b120000_r3.json
R=2.20,uniform,H,4,7.892422833705837,guard15_equal_real30_n2_scan120k/results/n2_r220/uniform/b120000_r4.json
R=2.20,uniform,H,5,13.975046436414118,guard15_equal_real30_n2_scan120k/results/n2_r220/uniform/b120000_r5.json
R=2.20,uniform,H,6,9.97535272036032,guard15_equal_real30_n2_scan120k/results/n2_r220/uniform/b120000_r6.json
R=2.20,uniform,H,7,5.715720561610738,guard15_equal_real30_n2_scan120k/results/n2_r220/uniform/b120000_r7.json
R=2.50,uniform,H,0,6.358716567206102,guard15_equal_real30_n2_scan120k/results/n2_r250/uniform/b120000_r0.json
R=2.50,uniform,H,1,15.360977995541703,guard15_equal_real30_n2_scan120k/results/n2_r250/uniform/b120000_r1.json
R=2.50,uniform,H,2,12.934282459923452,guard15_equal_real30_n2_scan120k/results/n2_r250/uniform/b120000_r2.json
R=2.50,uniform,H,3,8.708498393900754,guard15_equal_real30_n2_scan120k/results/n2_r250/uniform/b120000_r3.json
R=2.50,uniform,H,4,14.936638964869076,guard15_equal_real30_n2_scan120k/results/n2_r250/uniform/b120000_r4.json
R=2.50,uniform,H,5,8.354175913638073,guard15_equal_real30_n2_scan120k/results/n2_r250/uniform/b120000_r5.json
R=2.50,uniform,H,6,9.28502950642951,guard15_equal_real30_n2_scan120k/results/n2_r250/uniform/b120000_r6.json
R=2.50,uniform,H,7,9.193142130897058,guard15_equal_real30_n2_scan120k/results/n2_r250/uniform/b120000_r7.json
R=0.80,guard15_equal,H,0,4.44385927856672,guard15_equal_real30_n2_scan120k/results/n2_r080/guard15_equal/b120000_r0.json
R=0.80,guard15_equal,H,1,6.452125372319983,guard15_equal_real30_n2_scan120k/results/n2_r080/guard15_equal/b120000_r1.json
R=0.80,guard15_equal,H,2,5.258900904053121,guard15_equal_real30_n2_scan120k/results/n2_r080/guard15_equal/b120000_r2.json
R=0.80,guard15_equal,H,3,10.89609264823821,guard15_equal_real30_n2_scan120k/results/n2_r080/guard15_equal/b120000_r3.json
R=0.80,guard15_equal,H,4,1.6790595591942292,guard15_equal_real30_n2_scan120k/results/n2_r080/guard15_equal/b120000_r4.json
R=0.80,guard15_equal,H,5,3.3393031623205616,guard15_equal_real30_n2_scan120k/results/n2_r080/guard15_equal/b120000_r5.json
R=0.80,guard15_equal,H,6,3.297831855135769,guard15_equal_real30_n2_scan120k/results/n2_r080/guard15_equal/b120000_r6.json
R=0.80,guard15_equal,H,7,4.342145906903738,guard15_equal_real30_n2_scan120k/results/n2_r080/guard15_equal/b120000_r7.json
R=0.90,guard15_equal,H,0,3.537853609103081,guard15_equal_real30_n2_scan120k/results/n2_r090/guard15_equal/b120000_r0.json
R=0.90,guard15_equal,H,1,4.202460404073349,guard15_equal_real30_n2_scan120k/results/n2_r090/guard15_equal/b120000_r1.json
R=0.90,guard15_equal,H,2,1.9845091066912346,guard15_equal_real30_n2_scan120k/results/n2_r090/guard15_equal/b120000_r2.json
R=0.90,guard15_equal,H,3,8.732337203198881,guard15_equal_real30_n2_scan120k/results/n2_r090/guard15_equal/b120000_r3.json
R=0.90,guard15_equal,H,4,1.0506515179287135,guard15_equal_real30_n2_scan120k/results/n2_r090/guard15_equal/b120000_r4.json
R=0.90,guard15_equal,H,5,2.2782318207674734,guard15_equal_real30_n2_scan120k/results/n2_r090/guard15_equal/b120000_r5.json
R=0.90,guard15_equal,H,6,2.6311689663742754,guard15_equal_real30_n2_scan120k/results/n2_r090/guard15_equal/b120000_r6.json
R=0.90,guard15_equal,H,7,1.9809694747152662,guard15_equal_real30_n2_scan120k/results/n2_r090/guard15_equal/b120000_r7.json
R=1.00,guard15_equal,H,0,7.281125975907798,guard15_equal_real30_n2_scan120k/results/n2_r100/guard15_equal/b120000_r0.json
R=1.00,guard15_equal,H,1,8.984270998922739,guard15_equal_real30_n2_scan120k/results/n2_r100/guard15_equal/b120000_r1.json
R=1.00,guard15_equal,H,2,2.9975739402914314,guard15_equal_real30_n2_scan120k/results/n2_r100/guard15_equal/b120000_r2.json
R=1.00,guard15_equal,H,3,3.10743999843055,guard15_equal_real30_n2_scan120k/results/n2_r100/guard15_equal/b120000_r3.json
R=1.00,guard15_equal,H,4,4.625525864511815,guard15_equal_real30_n2_scan120k/results/n2_r100/guard15_equal/b120000_r4.json
R=1.00,guard15_equal,H,5,3.3152217043834753,guard15_equal_real30_n2_scan120k/results/n2_r100/guard15_equal/b120000_r5.json
R=1.00,guard15_equal,H,6,2.29321160114182,guard15_equal_real30_n2_scan120k/results/n2_r100/guard15_equal/b120000_r6.json
R=1.00,guard15_equal,H,7,4.6873691253352945,guard15_equal_real30_n2_scan120k/results/n2_r100/guard15_equal/b120000_r7.json
R=1.10,guard15_equal,H,0,6.998964272725061,guard15_equal_real30_n2_scan120k/results/n2_r110/guard15_equal/b120000_r0.json
R=1.10,guard15_equal,H,1,2.4382292590132693,guard15_equal_real30_n2_scan120k/results/n2_r110/guard15_equal/b120000_r1.json
R=1.10,guard15_equal,H,2,7.69775419054497,guard15_equal_real30_n2_scan120k/results/n2_r110/guard15_equal/b120000_r2.json
R=1.10,guard15_equal,H,3,0.06308027366230817,guard15_equal_real30_n2_scan120k/results/n2_r110/guard15_equal/b120000_r3.json
R=1.10,guard15_equal,H,4,2.344045228738878,guard15_equal_real30_n2_scan120k/results/n2_r110/guard15_equal/b120000_r4.json
R=1.10,guard15_equal,H,5,1.1878343101585642,guard15_equal_real30_n2_scan120k/results/n2_r110/guard15_equal/b120000_r5.json
R=1.10,guard15_equal,H,6,3.220453179949345,guard15_equal_real30_n2_scan120k/results/n2_r110/guard15_equal/b120000_r6.json
R=1.10,guard15_equal,H,7,2.112387197911403,guard15_equal_real30_n2_scan120k/results/n2_r110/guard15_equal/b120000_r7.json
R=1.25,guard15_equal,H,0,0.5785410239269595,guard15_equal_real30_n2_scan120k/results/n2_r125/guard15_equal/b120000_r0.json
R=1.25,guard15_equal,H,1,11.64795231633775,guard15_equal_real30_n2_scan120k/results/n2_r125/guard15_equal/b120000_r1.json
R=1.25,guard15_equal,H,2,5.071566192171417,guard15_equal_real30_n2_scan120k/results/n2_r125/guard15_equal/b120000_r2.json
R=1.25,guard15_equal,H,3,-1.8088110755769549,guard15_equal_real30_n2_scan120k/results/n2_r125/guard15_equal/b120000_r3.json
R=1.25,guard15_equal,H,4,1.1766557533263722,guard15_equal_real30_n2_scan120k/results/n2_r125/guard15_equal/b120000_r4.json
R=1.25,guard15_equal,H,5,-1.8029599174269606,guard15_equal_real30_n2_scan120k/results/n2_r125/guard15_equal/b120000_r5.json
R=1.25,guard15_equal,H,6,0.49421987664288736,guard15_equal_real30_n2_scan120k/results/n2_r125/guard15_equal/b120000_r6.json
R=1.25,guard15_equal,H,7,4.8302472734320645,guard15_equal_real30_n2_scan120k/results/n2_r125/guard15_equal/b120000_r7.json
R=1.45,guard15_equal,H,0,1.9989741517463244,guard15_equal_real30_n2_scan120k/results/n2_r145/guard15_equal/b120000_r0.json
R=1.45,guard15_equal,H,1,-4.629365777589101,guard15_equal_real30_n2_scan120k/results/n2_r145/guard15_equal/b120000_r1.json
R=1.45,guard15_equal,H,2,-2.643662746450559,guard15_equal_real30_n2_scan120k/results/n2_r145/guard15_equal/b120000_r2.json
R=1.45,guard15_equal,H,3,-1.264028059651423,guard15_equal_real30_n2_scan120k/results/n2_r145/guard15_equal/b120000_r3.json
R=1.45,guard15_equal,H,4,-3.702533854010426,guard15_equal_real30_n2_scan120k/results/n2_r145/guard15_equal/b120000_r4.json
R=1.45,guard15_equal,H,5,1.255929775027198,guard15_equal_real30_n2_scan120k/results/n2_r145/guard15_equal/b120000_r5.json
R=1.45,guard15_equal,H,6,-1.7392016579549363,guard15_equal_real30_n2_scan120k/results/n2_r145/guard15_equal/b120000_r6.json
R=1.45,guard15_equal,H,7,-2.304089382306529,guard15_equal_real30_n2_scan120k/results/n2_r145/guard15_equal/b120000_r7.json
R=1.60,guard15_equal,H,0,-4.514781420567715,guard15_equal_real30_n2_scan120k/results/n2_r160/guard15_equal/b120000_r0.json
R=1.60,guard15_equal,H,1,-1.4450431129660046,guard15_equal_real30_n2_scan120k/results/n2_r160/guard15_equal/b120000_r1.json
R=1.60,guard15_equal,H,2,-6.601124451606211,guard15_equal_real30_n2_scan120k/results/n2_r160/guard15_equal/b120000_r2.json
R=1.60,guard15_equal,H,3,-0.5573246222212447,guard15_equal_real30_n2_scan120k/results/n2_r160/guard15_equal/b120000_r3.json
R=1.60,guard15_equal,H,4,-5.181136181562351,guard15_equal_real30_n2_scan120k/results/n2_r160/guard15_equal/b120000_r4.json
R=1.60,guard15_equal,H,5,-6.4872770345800745,guard15_equal_real30_n2_scan120k/results/n2_r160/guard15_equal/b120000_r5.json
R=1.60,guard15_equal,H,6,-6.512727114142081,guard15_equal_real30_n2_scan120k/results/n2_r160/guard15_equal/b120000_r6.json
R=1.60,guard15_equal,H,7,2.3443808913299335,guard15_equal_real30_n2_scan120k/results/n2_r160/guard15_equal/b120000_r7.json
R=1.80,guard15_equal,H,0,1.6403539449214577,guard15_equal_real30_n2_scan120k/results/n2_r180/guard15_equal/b120000_r0.json
R=1.80,guard15_equal,H,1,-3.161322957765833,guard15_equal_real30_n2_scan120k/results/n2_r180/guard15_equal/b120000_r1.json
R=1.80,guard15_equal,H,2,-4.264243630686337,guard15_equal_real30_n2_scan120k/results/n2_r180/guard15_equal/b120000_r2.json
R=1.80,guard15_equal,H,3,-5.354501217112784,guard15_equal_real30_n2_scan120k/results/n2_r180/guard15_equal/b120000_r3.json
R=1.80,guard15_equal,H,4,-3.341209603348716,guard15_equal_real30_n2_scan120k/results/n2_r180/guard15_equal/b120000_r4.json
R=1.80,guard15_equal,H,5,-4.69734214898665,guard15_equal_real30_n2_scan120k/results/n2_r180/guard15_equal/b120000_r5.json
R=1.80,guard15_equal,H,6,-3.0913695602237112,guard15_equal_real30_n2_scan120k/results/n2_r180/guard15_equal/b120000_r6.json
R=1.80,guard15_equal,H,7,-6.711571323904764,guard15_equal_real30_n2_scan120k/results/n2_r180/guard15_equal/b120000_r7.json
R=2.00,guard15_equal,H,0,2.2942411478368285,guard15_equal_real30_n2_scan120k/results/n2_r200/guard15_equal/b120000_r0.json
R=2.00,guard15_equal,H,1,1.0112232851611225,guard15_equal_real30_n2_scan120k/results/n2_r200/guard15_equal/b120000_r1.json
R=2.00,guard15_equal,H,2,-1.5643905363731392,guard15_equal_real30_n2_scan120k/results/n2_r200/guard15_equal/b120000_r2.json
R=2.00,guard15_equal,H,3,-3.53866839748207,guard15_equal_real30_n2_scan120k/results/n2_r200/guard15_equal/b120000_r3.json
R=2.00,guard15_equal,H,4,2.6793538615379475,guard15_equal_real30_n2_scan120k/results/n2_r200/guard15_equal/b120000_r4.json
R=2.00,guard15_equal,H,5,-2.413180028824513,guard15_equal_real30_n2_scan120k/results/n2_r200/guard15_equal/b120000_r5.json
R=2.00,guard15_equal,H,6,1.2832745861004469,guard15_equal_real30_n2_scan120k/results/n2_r200/guard15_equal/b120000_r6.json
R=2.00,guard15_equal,H,7,1.6244606481450319,guard15_equal_real30_n2_scan120k/results/n2_r200/guard15_equal/b120000_r7.json
R=2.20,guard15_equal,H,0,2.497705010924278,guard15_equal_real30_n2_scan120k/results/n2_r220/guard15_equal/b120000_r0.json
R=2.20,guard15_equal,H,1,2.0346518070226693,guard15_equal_real30_n2_scan120k/results/n2_r220/guard15_equal/b120000_r1.json
R=2.20,guard15_equal,H,2,2.4429105775851667,guard15_equal_real30_n2_scan120k/results/n2_r220/guard15_equal/b120000_r2.json
R=2.20,guard15_equal,H,3,0.7050695122501338,guard15_equal_real30_n2_scan120k/results/n2_r220/guard15_equal/b120000_r3.json
R=2.20,guard15_equal,H,4,9.308639630532412,guard15_equal_real30_n2_scan120k/results/n2_r220/guard15_equal/b120000_r4.json
R=2.20,guard15_equal,H,5,3.9362957125916864,guard15_equal_real30_n2_scan120k/results/n2_r220/guard15_equal/b120000_r5.json
R=2.20,guard15_equal,H,6,2.456675721717261,guard15_equal_real30_n2_scan120k/results/n2_r220/guard15_equal/b120000_r6.json
R=2.20,guard15_equal,H,7,0.8943293072150027,guard15_equal_real30_n2_scan120k/results/n2_r220/guard15_equal/b120000_r7.json
R=2.50,guard15_equal,H,0,4.134842006124018,guard15_equal_real30_n2_scan120k/results/n2_r250/guard15_equal/b120000_r0.json
R=2.50,guard15_equal,H,1,2.9120891853153807,guard15_equal_real30_n2_scan120k/results/n2_r250/guard15_equal/b120000_r1.json
R=2.50,guard15_equal,H,2,7.683628148342336,guard15_equal_real30_n2_scan120k/results/n2_r250/guard15_equal/b120000_r2.json
R=2.50,guard15_equal,H,3,3.1795739729005845,guard15_equal_real30_n2_scan120k/results/n2_r250/guard15_equal/b120000_r3.json
R=2.50,guard15_equal,H,4,3.815694428439542,guard15_equal_real30_n2_scan120k/results/n2_r250/guard15_equal/b120000_r4.json
R=2.50,guard15_equal,H,5,2.8894105865475694,guard15_equal_real30_n2_scan120k/results/n2_r250/guard15_equal/b120000_r5.json
R=2.50,guard15_equal,H,6,4.030575248421542,guard15_equal_real30_n2_scan120k/results/n2_r250/guard15_equal/b120000_r6.json
R=2.50,guard15_equal,H,7,5.41640847264091,guard15_equal_real30_n2_scan120k/results/n2_r250/guard15_equal/b120000_r7.json
R=0.80,uniform,F,0,9.887686361693682,guard15_equal_real30_n2_scan120k/results/n2_r080/uniform/b120000_r0.json
R=0.80,uniform,F,1,10.201076487874161,guard15_equal_real30_n2_scan120k/results/n2_r080/uniform/b120000_r1.json
R=0.80,uniform,F,2,16.324498202621385,guard15_equal_real30_n2_scan120k/results/n2_r080/uniform/b120000_r2.json
R=0.80,uniform,F,3,9.005057535702576,guard15_equal_real30_n2_scan120k/results/n2_r080/uniform/b120000_r3.json
R=0.80,uniform,F,4,10.045789014611728,guard15_equal_real30_n2_scan120k/results/n2_r080/uniform/b120000_r4.json
R=0.80,uniform,F,5,4.572779416221806,guard15_equal_real30_n2_scan120k/results/n2_r080/uniform/b120000_r5.json
R=0.80,uniform,F,6,4.53867474654146,guard15_equal_real30_n2_scan120k/results/n2_r080/uniform/b120000_r6.json
R=0.80,uniform,F,7,7.356656806578599,guard15_equal_real30_n2_scan120k/results/n2_r080/uniform/b120000_r7.json
R=0.90,uniform,F,0,15.246409815119932,guard15_equal_real30_n2_scan120k/results/n2_r090/uniform/b120000_r0.json
R=0.90,uniform,F,1,10.391257550296018,guard15_equal_real30_n2_scan120k/results/n2_r090/uniform/b120000_r1.json
R=0.90,uniform,F,2,17.693580916613882,guard15_equal_real30_n2_scan120k/results/n2_r090/uniform/b120000_r2.json
R=0.90,uniform,F,3,13.200316286230418,guard15_equal_real30_n2_scan120k/results/n2_r090/uniform/b120000_r3.json
R=0.90,uniform,F,4,10.551756867442919,guard15_equal_real30_n2_scan120k/results/n2_r090/uniform/b120000_r4.json
R=0.90,uniform,F,5,4.127062436964479,guard15_equal_real30_n2_scan120k/results/n2_r090/uniform/b120000_r5.json
R=0.90,uniform,F,6,14.90132300622804,guard15_equal_real30_n2_scan120k/results/n2_r090/uniform/b120000_r6.json
R=0.90,uniform,F,7,10.695199446502102,guard15_equal_real30_n2_scan120k/results/n2_r090/uniform/b120000_r7.json
R=1.00,uniform,F,0,17.476369956483495,guard15_equal_real30_n2_scan120k/results/n2_r100/uniform/b120000_r0.json
R=1.00,uniform,F,1,20.708608919420612,guard15_equal_real30_n2_scan120k/results/n2_r100/uniform/b120000_r1.json
R=1.00,uniform,F,2,14.61793901731312,guard15_equal_real30_n2_scan120k/results/n2_r100/uniform/b120000_r2.json
R=1.00,uniform,F,3,7.782058321282648,guard15_equal_real30_n2_scan120k/results/n2_r100/uniform/b120000_r3.json
R=1.00,uniform,F,4,9.883354492927765,guard15_equal_real30_n2_scan120k/results/n2_r100/uniform/b120000_r4.json
R=1.00,uniform,F,5,17.916201427851774,guard15_equal_real30_n2_scan120k/results/n2_r100/uniform/b120000_r5.json
R=1.00,uniform,F,6,12.859536825118312,guard15_equal_real30_n2_scan120k/results/n2_r100/uniform/b120000_r6.json
R=1.00,uniform,F,7,18.511610054531502,guard15_equal_real30_n2_scan120k/results/n2_r100/uniform/b120000_r7.json
R=1.10,uniform,F,0,11.110768126101789,guard15_equal_real30_n2_scan120k/results/n2_r110/uniform/b120000_r0.json
R=1.10,uniform,F,1,15.248804973964525,guard15_equal_real30_n2_scan120k/results/n2_r110/uniform/b120000_r1.json
R=1.10,uniform,F,2,10.116597412746842,guard15_equal_real30_n2_scan120k/results/n2_r110/uniform/b120000_r2.json
R=1.10,uniform,F,3,6.874842275735205,guard15_equal_real30_n2_scan120k/results/n2_r110/uniform/b120000_r3.json
R=1.10,uniform,F,4,14.657813457347402,guard15_equal_real30_n2_scan120k/results/n2_r110/uniform/b120000_r4.json
R=1.10,uniform,F,5,10.948050636386597,guard15_equal_real30_n2_scan120k/results/n2_r110/uniform/b120000_r5.json
R=1.10,uniform,F,6,6.826828228085446,guard15_equal_real30_n2_scan120k/results/n2_r110/uniform/b120000_r6.json
R=1.10,uniform,F,7,22.57886027349798,guard15_equal_real30_n2_scan120k/results/n2_r110/uniform/b120000_r7.json
R=1.25,uniform,F,0,7.963985079044278,guard15_equal_real30_n2_scan120k/results/n2_r125/uniform/b120000_r0.json
R=1.25,uniform,F,1,17.45810796749936,guard15_equal_real30_n2_scan120k/results/n2_r125/uniform/b120000_r1.json
R=1.25,uniform,F,2,23.491132250569535,guard15_equal_real30_n2_scan120k/results/n2_r125/uniform/b120000_r2.json
R=1.25,uniform,F,3,12.117377719576439,guard15_equal_real30_n2_scan120k/results/n2_r125/uniform/b120000_r3.json
R=1.25,uniform,F,4,10.348098452212184,guard15_equal_real30_n2_scan120k/results/n2_r125/uniform/b120000_r4.json
R=1.25,uniform,F,5,12.572510681962967,guard15_equal_real30_n2_scan120k/results/n2_r125/uniform/b120000_r5.json
R=1.25,uniform,F,6,12.799548960003904,guard15_equal_real30_n2_scan120k/results/n2_r125/uniform/b120000_r6.json
R=1.25,uniform,F,7,13.346773578319926,guard15_equal_real30_n2_scan120k/results/n2_r125/uniform/b120000_r7.json
R=1.45,uniform,F,0,3.161863749028271,guard15_equal_real30_n2_scan120k/results/n2_r145/uniform/b120000_r0.json
R=1.45,uniform,F,1,0.057434408006429294,guard15_equal_real30_n2_scan120k/results/n2_r145/uniform/b120000_r1.json
R=1.45,uniform,F,2,4.856247639594358,guard15_equal_real30_n2_scan120k/results/n2_r145/uniform/b120000_r2.json
R=1.45,uniform,F,3,7.832772761062756,guard15_equal_real30_n2_scan120k/results/n2_r145/uniform/b120000_r3.json
R=1.45,uniform,F,4,5.087728961200355,guard15_equal_real30_n2_scan120k/results/n2_r145/uniform/b120000_r4.json
R=1.45,uniform,F,5,-0.3554709211215368,guard15_equal_real30_n2_scan120k/results/n2_r145/uniform/b120000_r5.json
R=1.45,uniform,F,6,9.446238818270558,guard15_equal_real30_n2_scan120k/results/n2_r145/uniform/b120000_r6.json
R=1.45,uniform,F,7,0.021829712864018802,guard15_equal_real30_n2_scan120k/results/n2_r145/uniform/b120000_r7.json
R=1.60,uniform,F,0,8.889222421629484,guard15_equal_real30_n2_scan120k/results/n2_r160/uniform/b120000_r0.json
R=1.60,uniform,F,1,10.243690755245893,guard15_equal_real30_n2_scan120k/results/n2_r160/uniform/b120000_r1.json
R=1.60,uniform,F,2,3.560045973671322,guard15_equal_real30_n2_scan120k/results/n2_r160/uniform/b120000_r2.json
R=1.60,uniform,F,3,10.553954022427092,guard15_equal_real30_n2_scan120k/results/n2_r160/uniform/b120000_r3.json
R=1.60,uniform,F,4,10.471838559055868,guard15_equal_real30_n2_scan120k/results/n2_r160/uniform/b120000_r4.json
R=1.60,uniform,F,5,9.485402457443115,guard15_equal_real30_n2_scan120k/results/n2_r160/uniform/b120000_r5.json
R=1.60,uniform,F,6,12.08245501365468,guard15_equal_real30_n2_scan120k/results/n2_r160/uniform/b120000_r6.json
R=1.60,uniform,F,7,1.5577325353177685,guard15_equal_real30_n2_scan120k/results/n2_r160/uniform/b120000_r7.json
R=1.80,uniform,F,0,7.702612462551883,guard15_equal_real30_n2_scan120k/results/n2_r180/uniform/b120000_r0.json
R=1.80,uniform,F,1,5.218321220937128,guard15_equal_real30_n2_scan120k/results/n2_r180/uniform/b120000_r1.json
R=1.80,uniform,F,2,2.2895866752179472,guard15_equal_real30_n2_scan120k/results/n2_r180/uniform/b120000_r2.json
R=1.80,uniform,F,3,3.0615262799358334,guard15_equal_real30_n2_scan120k/results/n2_r180/uniform/b120000_r3.json
R=1.80,uniform,F,4,8.578688786968769,guard15_equal_real30_n2_scan120k/results/n2_r180/uniform/b120000_r4.json
R=1.80,uniform,F,5,1.769241720992909,guard15_equal_real30_n2_scan120k/results/n2_r180/uniform/b120000_r5.json
R=1.80,uniform,F,6,8.980292810448987,guard15_equal_real30_n2_scan120k/results/n2_r180/uniform/b120000_r6.json
R=1.80,uniform,F,7,3.8602586863163424,guard15_equal_real30_n2_scan120k/results/n2_r180/uniform/b120000_r7.json
R=2.00,uniform,F,0,8.208333745415075,guard15_equal_real30_n2_scan120k/results/n2_r200/uniform/b120000_r0.json
R=2.00,uniform,F,1,5.386041754945836,guard15_equal_real30_n2_scan120k/results/n2_r200/uniform/b120000_r1.json
R=2.00,uniform,F,2,4.6072640862178105,guard15_equal_real30_n2_scan120k/results/n2_r200/uniform/b120000_r2.json
R=2.00,uniform,F,3,3.997976889550614,guard15_equal_real30_n2_scan120k/results/n2_r200/uniform/b120000_r3.json
R=2.00,uniform,F,4,8.148271266165352,guard15_equal_real30_n2_scan120k/results/n2_r200/uniform/b120000_r4.json
R=2.00,uniform,F,5,6.785003120526767,guard15_equal_real30_n2_scan120k/results/n2_r200/uniform/b120000_r5.json
R=2.00,uniform,F,6,5.634686407418599,guard15_equal_real30_n2_scan120k/results/n2_r200/uniform/b120000_r6.json
R=2.00,uniform,F,7,3.911675818770277,guard15_equal_real30_n2_scan120k/results/n2_r200/uniform/b120000_r7.json
R=2.20,uniform,F,0,6.348632111055963,guard15_equal_real30_n2_scan120k/results/n2_r220/uniform/b120000_r0.json
R=2.20,uniform,F,1,5.551832427457271,guard15_equal_real30_n2_scan120k/results/n2_r220/uniform/b120000_r1.json
R=2.20,uniform,F,2,10.19898315828982,guard15_equal_real30_n2_scan120k/results/n2_r220/uniform/b120000_r2.json
R=2.20,uniform,F,3,8.042370391919462,guard15_equal_real30_n2_scan120k/results/n2_r220/uniform/b120000_r3.json
R=2.20,uniform,F,4,7.487845484973832,guard15_equal_real30_n2_scan120k/results/n2_r220/uniform/b120000_r4.json
R=2.20,uniform,F,5,12.185515728447172,guard15_equal_real30_n2_scan120k/results/n2_r220/uniform/b120000_r5.json
R=2.20,uniform,F,6,10.654261565903766,guard15_equal_real30_n2_scan120k/results/n2_r220/uniform/b120000_r6.json
R=2.20,uniform,F,7,5.77673278141333,guard15_equal_real30_n2_scan120k/results/n2_r220/uniform/b120000_r7.json
R=2.50,uniform,F,0,6.317661450893297,guard15_equal_real30_n2_scan120k/results/n2_r250/uniform/b120000_r0.json
R=2.50,uniform,F,1,13.219932337065643,guard15_equal_real30_n2_scan120k/results/n2_r250/uniform/b120000_r1.json
R=2.50,uniform,F,2,12.234677388590853,guard15_equal_real30_n2_scan120k/results/n2_r250/uniform/b120000_r2.json
R=2.50,uniform,F,3,9.095066152610798,guard15_equal_real30_n2_scan120k/results/n2_r250/uniform/b120000_r3.json
R=2.50,uniform,F,4,13.365044446175034,guard15_equal_real30_n2_scan120k/results/n2_r250/uniform/b120000_r4.json
R=2.50,uniform,F,5,9.249869586398063,guard15_equal_real30_n2_scan120k/results/n2_r250/uniform/b120000_r5.json
R=2.50,uniform,F,6,7.436263167818424,guard15_equal_real30_n2_scan120k/results/n2_r250/uniform/b120000_r6.json
R=2.50,uniform,F,7,10.091093505309345,guard15_equal_real30_n2_scan120k/results/n2_r250/uniform/b120000_r7.json
R=0.80,guard15_equal,F,0,-1.055658972660467,guard15_equal_real30_n2_scan120k/results/n2_r080/guard15_equal/b120000_r0.json
R=0.80,guard15_equal,F,1,-0.36015285641610717,guard15_equal_real30_n2_scan120k/results/n2_r080/guard15_equal/b120000_r1.json
R=0.80,guard15_equal,F,2,0.7996839023576285,guard15_equal_real30_n2_scan120k/results/n2_r080/guard15_equal/b120000_r2.json
R=0.80,guard15_equal,F,3,5.589340900854722,guard15_equal_real30_n2_scan120k/results/n2_r080/guard15_equal/b120000_r3.json
R=0.80,guard15_equal,F,4,1.0194004236012688,guard15_equal_real30_n2_scan120k/results/n2_r080/guard15_equal/b120000_r4.json
R=0.80,guard15_equal,F,5,1.3952233446445916,guard15_equal_real30_n2_scan120k/results/n2_r080/guard15_equal/b120000_r5.json
R=0.80,guard15_equal,F,6,-1.3725451388069132,guard15_equal_real30_n2_scan120k/results/n2_r080/guard15_equal/b120000_r6.json
R=0.80,guard15_equal,F,7,4.878341591137314,guard15_equal_real30_n2_scan120k/results/n2_r080/guard15_equal/b120000_r7.json
R=0.90,guard15_equal,F,0,1.9029036171787084,guard15_equal_real30_n2_scan120k/results/n2_r090/guard15_equal/b120000_r0.json
R=0.90,guard15_equal,F,1,-2.726681574557688,guard15_equal_real30_n2_scan120k/results/n2_r090/guard15_equal/b120000_r1.json
R=0.90,guard15_equal,F,2,-2.518500307289173,guard15_equal_real30_n2_scan120k/results/n2_r090/guard15_equal/b120000_r2.json
R=0.90,guard15_equal,F,3,1.73542721489639,guard15_equal_real30_n2_scan120k/results/n2_r090/guard15_equal/b120000_r3.json
R=0.90,guard15_equal,F,4,0.1204106721104381,guard15_equal_real30_n2_scan120k/results/n2_r090/guard15_equal/b120000_r4.json
R=0.90,guard15_equal,F,5,-1.769333620842417,guard15_equal_real30_n2_scan120k/results/n2_r090/guard15_equal/b120000_r5.json
R=0.90,guard15_equal,F,6,-1.8419955590616155,guard15_equal_real30_n2_scan120k/results/n2_r090/guard15_equal/b120000_r6.json
R=0.90,guard15_equal,F,7,0.7474399356226513,guard15_equal_real30_n2_scan120k/results/n2_r090/guard15_equal/b120000_r7.json
R=1.00,guard15_equal,F,0,5.5023706279229145,guard15_equal_real30_n2_scan120k/results/n2_r100/guard15_equal/b120000_r0.json
R=1.00,guard15_equal,F,1,9.531086857620608,guard15_equal_real30_n2_scan120k/results/n2_r100/guard15_equal/b120000_r1.json
R=1.00,guard15_equal,F,2,-1.9261325476804814,guard15_equal_real30_n2_scan120k/results/n2_r100/guard15_equal/b120000_r2.json
R=1.00,guard15_equal,F,3,-0.967203618614576,guard15_equal_real30_n2_scan120k/results/n2_r100/guard15_equal/b120000_r3.json
R=1.00,guard15_equal,F,4,1.3137168170231917,guard15_equal_real30_n2_scan120k/results/n2_r100/guard15_equal/b120000_r4.json
R=1.00,guard15_equal,F,5,2.308449301068549,guard15_equal_real30_n2_scan120k/results/n2_r100/guard15_equal/b120000_r5.json
R=1.00,guard15_equal,F,6,-0.19975982263531478,guard15_equal_real30_n2_scan120k/results/n2_r100/guard15_equal/b120000_r6.json
R=1.00,guard15_equal,F,7,5.254793721562123,guard15_equal_real30_n2_scan120k/results/n2_r100/guard15_equal/b120000_r7.json
R=1.10,guard15_equal,F,0,6.637712163069409,guard15_equal_real30_n2_scan120k/results/n2_r110/guard15_equal/b120000_r0.json
R=1.10,guard15_equal,F,1,1.5127941634318631,guard15_equal_real30_n2_scan120k/results/n2_r110/guard15_equal/b120000_r1.json
R=1.10,guard15_equal,F,2,5.144558247963005,guard15_equal_real30_n2_scan120k/results/n2_r110/guard15_equal/b120000_r2.json
R=1.10,guard15_equal,F,3,3.167557041635405,guard15_equal_real30_n2_scan120k/results/n2_r110/guard15_equal/b120000_r3.json
R=1.10,guard15_equal,F,4,0.7707827708571813,guard15_equal_real30_n2_scan120k/results/n2_r110/guard15_equal/b120000_r4.json
R=1.10,guard15_equal,F,5,0.2403721733941211,guard15_equal_real30_n2_scan120k/results/n2_r110/guard15_equal/b120000_r5.json
R=1.10,guard15_equal,F,6,1.4670990687193353,guard15_equal_real30_n2_scan120k/results/n2_r110/guard15_equal/b120000_r6.json
R=1.10,guard15_equal,F,7,1.9810635585173486,guard15_equal_real30_n2_scan120k/results/n2_r110/guard15_equal/b120000_r7.json
R=1.25,guard15_equal,F,0,-5.583057770849109,guard15_equal_real30_n2_scan120k/results/n2_r125/guard15_equal/b120000_r0.json
R=1.25,guard15_equal,F,1,6.2327625949478715,guard15_equal_real30_n2_scan120k/results/n2_r125/guard15_equal/b120000_r1.json
R=1.25,guard15_equal,F,2,2.42087477694497,guard15_equal_real30_n2_scan120k/results/n2_r125/guard15_equal/b120000_r2.json
R=1.25,guard15_equal,F,3,-3.3298379838555547,guard15_equal_real30_n2_scan120k/results/n2_r125/guard15_equal/b120000_r3.json
R=1.25,guard15_equal,F,4,1.3940449456839588,guard15_equal_real30_n2_scan120k/results/n2_r125/guard15_equal/b120000_r4.json
R=1.25,guard15_equal,F,5,-2.9320608283711636,guard15_equal_real30_n2_scan120k/results/n2_r125/guard15_equal/b120000_r5.json
R=1.25,guard15_equal,F,6,-2.8740290677831126,guard15_equal_real30_n2_scan120k/results/n2_r125/guard15_equal/b120000_r6.json
R=1.25,guard15_equal,F,7,1.1881447693866676,guard15_equal_real30_n2_scan120k/results/n2_r125/guard15_equal/b120000_r7.json
R=1.45,guard15_equal,F,0,-2.8330397858269407,guard15_equal_real30_n2_scan120k/results/n2_r145/guard15_equal/b120000_r0.json
R=1.45,guard15_equal,F,1,3.1047308340959034,guard15_equal_real30_n2_scan120k/results/n2_r145/guard15_equal/b120000_r1.json
R=1.45,guard15_equal,F,2,-4.8592852742075365,guard15_equal_real30_n2_scan120k/results/n2_r145/guard15_equal/b120000_r2.json
R=1.45,guard15_equal,F,3,-4.662901750933202,guard15_equal_real30_n2_scan120k/results/n2_r145/guard15_equal/b120000_r3.json
R=1.45,guard15_equal,F,4,-4.647476446862697,guard15_equal_real30_n2_scan120k/results/n2_r145/guard15_equal/b120000_r4.json
R=1.45,guard15_equal,F,5,-7.860230064039797,guard15_equal_real30_n2_scan120k/results/n2_r145/guard15_equal/b120000_r5.json
R=1.45,guard15_equal,F,6,1.3482078697109046,guard15_equal_real30_n2_scan120k/results/n2_r145/guard15_equal/b120000_r6.json
R=1.45,guard15_equal,F,7,-3.187260913378509,guard15_equal_real30_n2_scan120k/results/n2_r145/guard15_equal/b120000_r7.json
R=1.60,guard15_equal,F,0,-2.738948048673251,guard15_equal_real30_n2_scan120k/results/n2_r160/guard15_equal/b120000_r0.json
R=1.60,guard15_equal,F,1,3.0637310486838487,guard15_equal_real30_n2_scan120k/results/n2_r160/guard15_equal/b120000_r1.json
R=1.60,guard15_equal,F,2,-3.3445885027276745,guard15_equal_real30_n2_scan120k/results/n2_r160/guard15_equal/b120000_r2.json
R=1.60,guard15_equal,F,3,1.5725807515423185,guard15_equal_real30_n2_scan120k/results/n2_r160/guard15_equal/b120000_r3.json
R=1.60,guard15_equal,F,4,0.6598157352613043,guard15_equal_real30_n2_scan120k/results/n2_r160/guard15_equal/b120000_r4.json
R=1.60,guard15_equal,F,5,-6.694603941554078,guard15_equal_real30_n2_scan120k/results/n2_r160/guard15_equal/b120000_r5.json
R=1.60,guard15_equal,F,6,-0.8728422051120788,guard15_equal_real30_n2_scan120k/results/n2_r160/guard15_equal/b120000_r6.json
R=1.60,guard15_equal,F,7,-0.565813053981401,guard15_equal_real30_n2_scan120k/results/n2_r160/guard15_equal/b120000_r7.json
R=1.80,guard15_equal,F,0,4.503032569374454,guard15_equal_real30_n2_scan120k/results/n2_r180/guard15_equal/b120000_r0.json
R=1.80,guard15_equal,F,1,1.383950399528544,guard15_equal_real30_n2_scan120k/results/n2_r180/guard15_equal/b120000_r1.json
R=1.80,guard15_equal,F,2,-0.5677248180688821,guard15_equal_real30_n2_scan120k/results/n2_r180/guard15_equal/b120000_r2.json
R=1.80,guard15_equal,F,3,-3.1741279789372356,guard15_equal_real30_n2_scan120k/results/n2_r180/guard15_equal/b120000_r3.json
R=1.80,guard15_equal,F,4,0.2908335595890321,guard15_equal_real30_n2_scan120k/results/n2_r180/guard15_equal/b120000_r4.json
R=1.80,guard15_equal,F,5,0.6972935061355656,guard15_equal_real30_n2_scan120k/results/n2_r180/guard15_equal/b120000_r5.json
R=1.80,guard15_equal,F,6,-2.3083654584752367,guard15_equal_real30_n2_scan120k/results/n2_r180/guard15_equal/b120000_r6.json
R=1.80,guard15_equal,F,7,0.0742390462420417,guard15_equal_real30_n2_scan120k/results/n2_r180/guard15_equal/b120000_r7.json
R=2.00,guard15_equal,F,0,2.9950417441000354,guard15_equal_real30_n2_scan120k/results/n2_r200/guard15_equal/b120000_r0.json
R=2.00,guard15_equal,F,1,1.664566653673205,guard15_equal_real30_n2_scan120k/results/n2_r200/guard15_equal/b120000_r1.json
R=2.00,guard15_equal,F,2,0.9115402001782513,guard15_equal_real30_n2_scan120k/results/n2_r200/guard15_equal/b120000_r2.json
R=2.00,guard15_equal,F,3,-0.10357735297361614,guard15_equal_real30_n2_scan120k/results/n2_r200/guard15_equal/b120000_r3.json
R=2.00,guard15_equal,F,4,1.698257071453213,guard15_equal_real30_n2_scan120k/results/n2_r200/guard15_equal/b120000_r4.json
R=2.00,guard15_equal,F,5,0.4803781239388627,guard15_equal_real30_n2_scan120k/results/n2_r200/guard15_equal/b120000_r5.json
R=2.00,guard15_equal,F,6,2.76837693023424,guard15_equal_real30_n2_scan120k/results/n2_r200/guard15_equal/b120000_r6.json
R=2.00,guard15_equal,F,7,2.7352568756668916,guard15_equal_real30_n2_scan120k/results/n2_r200/guard15_equal/b120000_r7.json
R=2.20,guard15_equal,F,0,3.543958515678014,guard15_equal_real30_n2_scan120k/results/n2_r220/guard15_equal/b120000_r0.json
R=2.20,guard15_equal,F,1,0.5697941072213553,guard15_equal_real30_n2_scan120k/results/n2_r220/guard15_equal/b120000_r1.json
R=2.20,guard15_equal,F,2,3.209376202249814,guard15_equal_real30_n2_scan120k/results/n2_r220/guard15_equal/b120000_r2.json
R=2.20,guard15_equal,F,3,0.4086461159005239,guard15_equal_real30_n2_scan120k/results/n2_r220/guard15_equal/b120000_r3.json
R=2.20,guard15_equal,F,4,5.777287144823617,guard15_equal_real30_n2_scan120k/results/n2_r220/guard15_equal/b120000_r4.json
R=2.20,guard15_equal,F,5,6.570313484715484,guard15_equal_real30_n2_scan120k/results/n2_r220/guard15_equal/b120000_r5.json
R=2.20,guard15_equal,F,6,1.6200879573773364,guard15_equal_real30_n2_scan120k/results/n2_r220/guard15_equal/b120000_r6.json
R=2.20,guard15_equal,F,7,3.7713314617064952,guard15_equal_real30_n2_scan120k/results/n2_r220/guard15_equal/b120000_r7.json
R=2.50,guard15_equal,F,0,3.5784011727173493,guard15_equal_real30_n2_scan120k/results/n2_r250/guard15_equal/b120000_r0.json
R=2.50,guard15_equal,F,1,2.8791393242926233,guard15_equal_real30_n2_scan120k/results/n2_r250/guard15_equal/b120000_r1.json
R=2.50,guard15_equal,F,2,7.331649729849232,guard15_equal_real30_n2_scan120k/results/n2_r250/guard15_equal/b120000_r2.json
R=2.50,guard15_equal,F,3,2.7812973084735404,guard15_equal_real30_n2_scan120k/results/n2_r250/guard15_equal/b120000_r3.json
R=2.50,guard15_equal,F,4,4.226250351777594,guard15_equal_real30_n2_scan120k/results/n2_r250/guard15_equal/b120000_r4.json
R=2.50,guard15_equal,F,5,3.990958961125557,guard15_equal_real30_n2_scan120k/results/n2_r250/guard15_equal/b120000_r5.json
R=2.50,guard15_equal,F,6,3.587811269227359,guard15_equal_real30_n2_scan120k/results/n2_r250/guard15_equal/b120000_r6.json
R=2.50,guard15_equal,F,7,4.3631219979261004,guard15_equal_real30_n2_scan120k/results/n2_r250/guard15_equal/b120000_r7.json
