system,bond_angstrom,arm,variant,gate_scale,stream,budget,fit_shots,mu_ftpbe,h_error_meh,f_error_meh,d2_error
n2_r080,0.8,guard15_equal,clean,1.0,0,120000,112500,2.0,8.126304001294216,6.370228470146344,0.07100312913695309
n2_r080,0.8,guard15_equal,exact,1.0,0,120000,112500,2.0,-0.0005128098763407252,-0.00023174582963747525,1.962275165183003e-05
n2_r080,0.8,guard15_equal,post,1.0,0,120000,112500,2.0,198.89480835355755,185.95120874225302,0.46392215938708253
n2_r080,0.8,guard15_equal,raw,1.0,0,120000,112500,2.0,377.1535058959614,381.00468041827185,1.0738353843717556
n2_r080,0.8,guard15_equal,rem,1.0,0,120000,112500,2.0,530.3135854355361,534.2843660387189,1.4304549109215037
n2_r080,0.8,guard15_equal,rem_lin,1.0,0,120000,112500,2.0,282.41698023612116,276.8130488679077,0.7411175511364957
n2_r080,0.8,guard15_equal,rem_lin_post,1.0,0,120000,112500,2.0,80.11360396619693,72.72356579792927,0.2282395294067324
n2_r080,0.8,guard15_equal,rem_post,1.0,0,120000,112500,2.0,215.8977722603339,198.56454533426415,0.4895913307107411
n2_r080,0.8,uniform,clean,1.0,0,120000,120000,0.0,19.95414254010086,16.857853023878988,0.09429245723194844
n2_r080,0.8,uniform,exact,1.0,0,120000,120000,0.0,-0.0002728893093717488,-9.545057366722176e-05,3.461190544818682e-05
n2_r080,0.8,uniform,post,1.0,0,120000,120000,0.0,243.291818649098,215.4252692240135,0.5172046337463964
n2_r080,0.8,uniform,raw,1.0,0,120000,120000,0.0,395.0718497189456,414.442521699371,1.0899004519919473
n2_r080,0.8,uniform,rem,1.0,0,120000,120000,0.0,570.822776505409,599.0291630725153,1.4950770529610287
n2_r080,0.8,uniform,rem_lin,1.0,0,120000,120000,0.0,310.2633374054591,301.8217638468883,0.7524680357974314
n2_r080,0.8,uniform,rem_lin_post,1.0,0,120000,120000,0.0,133.03624602102104,105.05455586158519,0.3255962320978357
n2_r080,0.8,uniform,rem_post,1.0,0,120000,120000,0.0,327.2158566793877,291.176227893601,0.6224903305118885
n2_r090,0.9,guard15_equal,clean,1.0,0,120000,112500,2.0,7.082536504498194,6.626018766255015,0.09704014898977961
n2_r090,0.9,guard15_equal,exact,1.0,0,120000,112500,2.0,-0.0008275762866105651,-0.0003412656042200979,2.3619644303659902e-05
n2_r090,0.9,guard15_equal,post,1.0,0,120000,112500,2.0,181.86627514225506,179.37915380720426,0.4890404375268123
n2_r090,0.9,guard15_equal,raw,1.0,0,120000,112500,2.0,332.28765783134406,339.26526326152384,1.0371850442208328
n2_r090,0.9,guard15_equal,rem,1.0,0,120000,112500,2.0,466.01482004949446,475.2794053856064,1.3596205613248862
n2_r090,0.9,guard15_equal,rem_lin,1.0,0,120000,112500,2.0,239.81161890496594,237.97952521820775,0.6844162955122024
n2_r090,0.9,guard15_equal,rem_lin_post,1.0,0,120000,112500,2.0,79.51558441386908,71.84878472367018,0.2884121964419258
n2_r090,0.9,guard15_equal,rem_post,1.0,0,120000,112500,2.0,183.52498285048569,183.59000545233073,0.503160397303037
n2_r090,0.9,uniform,clean,1.0,0,120000,120000,0.0,19.369657361224313,17.611921002824715,0.11837572861283134
n2_r090,0.9,uniform,exact,1.0,0,120000,120000,0.0,-0.0003161856341193925,-0.0001064115338067495,2.6726273219883527e-05
n2_r090,0.9,uniform,post,1.0,0,120000,120000,0.0,215.09379593497613,203.8265300138704,0.49835391200267
n2_r090,0.9,uniform,raw,1.0,0,120000,120000,0.0,379.36925185303494,408.14588617736547,1.1202823054413587
n2_r090,0.9,uniform,rem,1.0,0,120000,120000,0.0,522.0896215701458,552.5583915108001,1.4918747257446712
n2_r090,0.9,uniform,rem_lin,1.0,0,120000,120000,0.0,285.71521168545644,287.9143011246299,0.7568209656782616
n2_r090,0.9,uniform,rem_lin_post,1.0,0,120000,120000,0.0,75.63642300850404,67.73227598529274,0.28826924303437773
n2_r090,0.9,uniform,rem_post,1.0,0,120000,120000,0.0,238.69151191952653,234.78986853822903,0.5944280607528422
n2_r100,1.0,guard15_equal,clean,1.0,0,120000,112500,2.0,3.3933657238662818,-1.3832934205737502,0.0715960699107871
n2_r100,1.0,guard15_equal,exact,1.0,0,120000,112500,2.0,-0.0008752759583785519,-0.0003666306156446808,7.371680163862307e-05
n2_r100,1.0,guard15_equal,post,1.0,0,120000,112500,2.0,160.36531437079304,168.12246204757741,0.5092842196480719
n2_r100,1.0,guard15_equal,raw,1.0,0,120000,112500,2.0,302.88103997403937,334.33686323755296,1.0663384363013753
n2_r100,1.0,guard15_equal,rem,1.0,0,120000,112500,2.0,405.408641540447,436.9938541377252,1.3662983088516483
n2_r100,1.0,guard15_equal,rem_lin,1.0,0,120000,112500,2.0,192.70696874208681,219.8072794995909,0.7017734551804427
n2_r100,1.0,guard15_equal,rem_lin_post,1.0,0,120000,112500,2.0,88.72021494431692,84.9141194140941,0.3151320683156933
n2_r100,1.0,guard15_equal,rem_post,1.0,0,120000,112500,2.0,183.2959326842598,185.98936878035488,0.5442874905796623
n2_r100,1.0,uniform,clean,1.0,0,120000,120000,0.0,13.868684228796724,13.66972186833948,0.09808475912218513
n2_r100,1.0,uniform,exact,1.0,0,120000,120000,0.0,-0.00020097338904179196,-6.854224920971319e-05,0.0001471069896852994
n2_r100,1.0,uniform,post,1.0,0,120000,120000,0.0,217.1204593504399,205.4376125652908,0.5154837015992199
n2_r100,1.0,uniform,raw,1.0,0,120000,120000,0.0,330.1285755561736,354.6403138484635,1.081025538675097
n2_r100,1.0,uniform,rem,1.0,0,120000,120000,0.0,464.3006521207269,500.16023514720587,1.4665557863999628
n2_r100,1.0,uniform,rem_lin,1.0,0,120000,120000,0.0,264.3257882540553,259.5965294266023,0.6900957622838486
n2_r100,1.0,uniform,rem_lin_post,1.0,0,120000,120000,0.0,117.811812875658,107.1178186105044,0.33008307740599385
n2_r100,1.0,uniform,rem_post,1.0,0,120000,120000,0.0,273.5712093402327,261.00354060666575,0.6370642920638118
n2_r110,1.1,guard15_equal,clean,1.0,0,120000,112500,2.0,2.5857743160884183,2.599252504879246,0.06347729778380873
n2_r110,1.1,guard15_equal,exact,1.0,0,120000,112500,2.0,-0.0005965389107132069,-0.0001836423990653202,0.00011127339870780569
n2_r110,1.1,guard15_equal,post,1.0,0,120000,112500,2.0,124.67237325653002,134.10502418896897,0.5210075621011137
n2_r110,1.1,guard15_equal,raw,1.0,0,120000,112500,2.0,270.4976541601809,297.7953598035157,1.1006557206444947
n2_r110,1.1,guard15_equal,rem,1.0,0,120000,112500,2.0,350.36838432965567,394.06054899571075,1.429565329923329
n2_r110,1.1,guard15_equal,rem_lin,1.0,0,120000,112500,2.0,158.95265525466584,186.4035692193653,0.7147135911856333
n2_r110,1.1,guard15_equal,rem_lin_post,1.0,0,120000,112500,2.0,61.15475548160987,66.61505600366979,0.34897672762035153
n2_r110,1.1,guard15_equal,rem_post,1.0,0,120000,112500,2.0,139.12611496579075,148.95700025729752,0.5643491746748531
n2_r110,1.1,uniform,clean,1.0,0,120000,120000,0.0,22.373819694095687,19.701131017811235,0.10624960692880608
n2_r110,1.1,uniform,exact,1.0,0,120000,120000,0.0,-2.001371512960759e-06,-4.958025101586827e-07,0.0005365544013559348
n2_r110,1.1,uniform,post,1.0,0,120000,120000,0.0,154.44650459792797,159.6243138203164,0.49305685634719615
n2_r110,1.1,uniform,raw,1.0,0,120000,120000,0.0,271.9410935465447,315.46998151488026,1.0974565799968485
n2_r110,1.1,uniform,rem,1.0,0,120000,120000,0.0,370.8418790448178,422.41180708448667,1.4054364105756256
n2_r110,1.1,uniform,rem_lin,1.0,0,120000,120000,0.0,225.0820029695717,242.323504379641,0.7830748626813713
n2_r110,1.1,uniform,rem_lin_post,1.0,0,120000,120000,0.0,69.10190751278833,73.69313303932756,0.3048525438218767
n2_r110,1.1,uniform,rem_post,1.0,0,120000,120000,0.0,205.0748605699937,207.04180517127213,0.6023526544073826
n2_r125,1.25,guard15_equal,clean,1.0,0,120000,112500,2.0,3.285080631187043,-3.042659866096642,0.09303082073119591
n2_r125,1.25,guard15_equal,exact,1.0,0,120000,112500,2.0,-5.35561781589422e-05,-1.4567547168553574e-05,0.0004610095816135885
n2_r125,1.25,guard15_equal,post,1.0,0,120000,112500,2.0,106.26756348781896,117.57913774582107,0.46925721037586327
n2_r125,1.25,guard15_equal,raw,1.0,0,120000,112500,2.0,200.74759159577127,226.1813088624507,1.033370886538889
n2_r125,1.25,guard15_equal,rem,1.0,0,120000,112500,2.0,275.96826498769644,327.2335051559594,1.415336694383421
n2_r125,1.25,guard15_equal,rem_lin,1.0,0,120000,112500,2.0,127.21091076892321,151.92380045900222,0.7019844852169349
n2_r125,1.25,guard15_equal,rem_lin_post,1.0,0,120000,112500,2.0,47.61441142630929,55.15977138563244,0.268474293237533
n2_r125,1.25,guard15_equal,rem_post,1.0,0,120000,112500,2.0,116.51228625721899,135.7468939960853,0.5074548378494895
n2_r125,1.25,uniform,clean,1.0,0,120000,120000,0.0,4.811090541153362,2.2792511381055647,0.1147726973690911
n2_r125,1.25,uniform,exact,1.0,0,120000,120000,0.0,-1.9688997099365224e-06,-3.9599967749381904e-07,0.0007619380189663546
n2_r125,1.25,uniform,post,1.0,0,120000,120000,0.0,140.9697755077559,143.18657427934056,0.5137427682412022
n2_r125,1.25,uniform,raw,1.0,0,120000,120000,0.0,227.25001643281928,277.101129797785,1.1204194232867837
n2_r125,1.25,uniform,rem,1.0,0,120000,120000,0.0,308.39126853673804,372.8683751052273,1.478578091708646
n2_r125,1.25,uniform,rem_lin,1.0,0,120000,120000,0.0,194.59729979078588,214.8604700892207,0.7456979761995259
n2_r125,1.25,uniform,rem_lin_post,1.0,0,120000,120000,0.0,71.11253464525191,63.56360077217005,0.3012618555289423
n2_r125,1.25,uniform,rem_post,1.0,0,120000,120000,0.0,173.56161457003338,173.29081890156317,0.6075902146162139
n2_r145,1.45,guard15_equal,clean,1.0,0,120000,112500,2.0,-3.4501571000475906,-5.260032778750201,0.11191415627252424
n2_r145,1.45,guard15_equal,exact,1.0,0,120000,112500,2.0,-0.00039808335827729024,-8.932425998864346e-05,0.0014431562081420027
n2_r145,1.45,guard15_equal,post,1.0,0,120000,112500,2.0,50.572749331010414,62.90693714373674,0.4091043208577175
n2_r145,1.45,guard15_equal,raw,1.0,0,120000,112500,2.0,98.8683212922723,145.857852093485,0.9583067611061692
n2_r145,1.45,guard15_equal,rem,1.0,0,120000,112500,2.0,154.306027523063,212.3522163941658,1.2832816976298245
n2_r145,1.45,guard15_equal,rem_lin,1.0,0,120000,112500,2.0,74.71625822708461,105.10387864678705,0.6478010987352096
n2_r145,1.45,guard15_equal,rem_lin_post,1.0,0,120000,112500,2.0,11.182365420012275,13.970744424213422,0.25357718035831756
n2_r145,1.45,guard15_equal,rem_post,1.0,0,120000,112500,2.0,54.63249843157314,73.02409836620427,0.45363133498039854
n2_r145,1.45,uniform,clean,1.0,0,120000,120000,0.0,2.5187138851947566,6.24929222630044,0.11479766128769629
n2_r145,1.45,uniform,exact,1.0,0,120000,120000,0.0,-0.00010036647779543273,-1.6172108985301747e-05,0.0014409824235300627
n2_r145,1.45,uniform,post,1.0,0,120000,120000,0.0,81.51694604340776,89.93839428991635,0.4134126998081751
n2_r145,1.45,uniform,raw,1.0,0,120000,120000,0.0,122.16415298146899,169.1056562097515,0.9268319477053034
n2_r145,1.45,uniform,rem,1.0,0,120000,120000,0.0,179.41252268686014,250.07499894475416,1.3902967413439682
n2_r145,1.45,uniform,rem_lin,1.0,0,120000,120000,0.0,103.07799397273243,126.66244444706365,0.6401794485501832
n2_r145,1.45,uniform,rem_lin_post,1.0,0,120000,120000,0.0,44.25363006274097,38.278987412752485,0.28791371334979654
n2_r145,1.45,uniform,rem_post,1.0,0,120000,120000,0.0,111.9134045119381,121.51271498780147,0.5375772298772277
n2_r160,1.6,guard15_equal,clean,1.0,0,120000,112500,2.0,2.869372210312804,2.0444298441049114,0.11185865058652383
n2_r160,1.6,guard15_equal,exact,1.0,0,120000,112500,2.0,-0.4411211114785374,-0.09178224283346026,0.0016628506935800287
n2_r160,1.6,guard15_equal,post,1.0,0,120000,112500,2.0,37.004096785807405,57.63350257888078,0.4435188043645707
n2_r160,1.6,guard15_equal,raw,1.0,0,120000,112500,2.0,78.28750972413445,119.21063382681041,0.9318041956056823
n2_r160,1.6,guard15_equal,rem,1.0,0,120000,112500,2.0,113.84222252559084,168.86619003959424,1.2481298427761918
n2_r160,1.6,guard15_equal,rem_lin,1.0,0,120000,112500,2.0,52.81022503911004,77.79214405003643,0.6138003034360214
n2_r160,1.6,guard15_equal,rem_lin_post,1.0,0,120000,112500,2.0,7.040980722592849,18.585634968445675,0.27464621955467794
n2_r160,1.6,guard15_equal,rem_post,1.0,0,120000,112500,2.0,39.91165146268827,66.78420162178611,0.5043424046193414
n2_r160,1.6,uniform,clean,1.0,0,120000,120000,0.0,3.16138321602466,5.318320740371973,0.14112011528085155
n2_r160,1.6,uniform,exact,1.0,0,120000,120000,0.0,-2.4896849026845302e-06,-4.134221853746567e-07,0.0019230381918101521
n2_r160,1.6,uniform,post,1.0,0,120000,120000,0.0,89.7215788349115,86.98851341451075,0.47927558758273037
n2_r160,1.6,uniform,raw,1.0,0,120000,120000,0.0,88.34421678284343,140.57566188236592,0.9611621674621963
n2_r160,1.6,uniform,rem,1.0,0,120000,120000,0.0,122.9507923935671,192.13675081050496,1.2827769658238843
n2_r160,1.6,uniform,rem_lin,1.0,0,120000,120000,0.0,55.367384556063826,93.74747829518526,0.6209000007684146
n2_r160,1.6,uniform,rem_lin_post,1.0,0,120000,120000,0.0,55.270166031718304,48.95831153460506,0.346514556177136
n2_r160,1.6,uniform,rem_post,1.0,0,120000,120000,0.0,106.25051145925113,107.88895893986705,0.5810956166786727
n2_r180,1.8,guard15_equal,clean,1.0,0,120000,112500,2.0,-2.911161486579772,1.711869637546215,0.12821090220041956
n2_r180,1.8,guard15_equal,exact,1.0,0,120000,112500,2.0,-0.8242666979612068,-0.16259276324603888,0.009265482221287934
n2_r180,1.8,guard15_equal,post,1.0,0,120000,112500,2.0,41.9714733632901,59.12213525665777,0.3838288068134771
n2_r180,1.8,guard15_equal,raw,1.0,0,120000,112500,2.0,54.49196207462137,90.62451652077641,0.7627784645537301
n2_r180,1.8,guard15_equal,rem,1.0,0,120000,112500,2.0,85.35069705227727,133.95714731846908,1.0576636594361535
n2_r180,1.8,guard15_equal,rem_lin,1.0,0,120000,112500,2.0,29.233100841295823,58.419493502626096,0.5483688187253506
n2_r180,1.8,guard15_equal,rem_lin_post,1.0,0,120000,112500,2.0,18.131436202423856,22.662455912666246,0.2823458939469044
n2_r180,1.8,guard15_equal,rem_post,1.0,0,120000,112500,2.0,48.12020474926726,71.3166269397334,0.43904306113072483
n2_r180,1.8,uniform,clean,1.0,0,120000,120000,0.0,3.952399579944199,6.193202831397571,0.14203593135161177
n2_r180,1.8,uniform,exact,1.0,0,120000,120000,0.0,-2.542722654652607e-05,-4.131976538701565e-06,0.012118757903930348
n2_r180,1.8,uniform,post,1.0,0,120000,120000,0.0,50.392592588138996,57.47709172939608,0.42789054612863325
n2_r180,1.8,uniform,raw,1.0,0,120000,120000,0.0,45.273122126644694,97.01330759962445,0.7446150326690599
n2_r180,1.8,uniform,rem,1.0,0,120000,120000,0.0,88.50883877083504,147.69378845124947,1.0565559033788356
n2_r180,1.8,uniform,rem_lin,1.0,0,120000,120000,0.0,45.21358266636355,66.59896945450328,0.5261259606847345
n2_r180,1.8,uniform,rem_lin_post,1.0,0,120000,120000,0.0,30.137101455409265,25.88997185652886,0.33294256059809896
n2_r180,1.8,uniform,rem_post,1.0,0,120000,120000,0.0,70.23059688685862,81.56737488187105,0.5258971317532685
n2_r200,2.0,guard15_equal,clean,1.0,0,120000,112500,2.0,-3.2358483485950273,-1.4477063392348555,0.11737579750331492
n2_r200,2.0,guard15_equal,exact,1.0,0,120000,112500,2.0,-0.555493260435469,-0.11029629406777985,0.009889640097835682
n2_r200,2.0,guard15_equal,post,1.0,0,120000,112500,2.0,41.2728085248375,57.538222505954195,0.3631461852588328
n2_r200,2.0,guard15_equal,raw,1.0,0,120000,112500,2.0,56.99597661217126,90.82960336323254,0.6764282310683774
n2_r200,2.0,guard15_equal,rem,1.0,0,120000,112500,2.0,96.09733565106637,141.7648948435044,0.940331928968827
n2_r200,2.0,guard15_equal,rem_lin,1.0,0,120000,112500,2.0,36.286783889153185,58.405405390146825,0.47511795313512806
n2_r200,2.0,guard15_equal,rem_lin_post,1.0,0,120000,112500,2.0,14.119958999629034,21.63944317837263,0.2840522125545781
n2_r200,2.0,guard15_equal,rem_post,1.0,0,120000,112500,2.0,48.91426891178696,66.63663353637617,0.41518935322657
n2_r200,2.0,uniform,clean,1.0,0,120000,120000,0.0,6.143453151878475,6.626981951939115,0.16248464762993603
n2_r200,2.0,uniform,exact,1.0,0,120000,120000,0.0,-5.668843527928402e-05,-8.47495584821445e-06,0.011531774826350894
n2_r200,2.0,uniform,post,1.0,0,120000,120000,0.0,53.43044516972384,56.938766067489155,0.43415038739510897
n2_r200,2.0,uniform,raw,1.0,0,120000,120000,0.0,59.89133980921224,97.21941286230162,0.7161813784588913
n2_r200,2.0,uniform,rem,1.0,0,120000,120000,0.0,89.97431390665156,139.68893340241095,0.9161423405850149
n2_r200,2.0,uniform,rem_lin,1.0,0,120000,120000,0.0,47.60599185834735,71.15588552196073,0.5373100690822833
n2_r200,2.0,uniform,rem_lin_post,1.0,0,120000,120000,0.0,24.293479888996217,25.510483115425586,0.3730763309767364
n2_r200,2.0,uniform,rem_post,1.0,0,120000,120000,0.0,78.32252900510639,81.28970167933858,0.48874241753448483
n2_r220,2.2,guard15_equal,clean,1.0,0,120000,112500,2.0,0.7364895896415646,1.257145010654881,0.08883130093292382
n2_r220,2.2,guard15_equal,exact,1.0,0,120000,112500,2.0,-0.46756012464754804,-0.08417407867966631,0.002982414128175714
n2_r220,2.2,guard15_equal,post,1.0,0,120000,112500,2.0,44.23298215068883,49.88133123359262,0.3267750777886723
n2_r220,2.2,guard15_equal,raw,1.0,0,120000,112500,2.0,66.30682503644891,88.92531115019153,0.6506277795501235
n2_r220,2.2,guard15_equal,rem,1.0,0,120000,112500,2.0,96.27220840853568,128.35109351975404,0.8412388176078379
n2_r220,2.2,guard15_equal,rem_lin,1.0,0,120000,112500,2.0,44.608832571938706,53.429970563655615,0.4381888019247344
n2_r220,2.2,guard15_equal,rem_lin_post,1.0,0,120000,112500,2.0,21.13390783409841,26.39405355728286,0.26517899386926935
n2_r220,2.2,guard15_equal,rem_post,1.0,0,120000,112500,2.0,59.361554591049526,66.75876333198971,0.3975540739718447
n2_r220,2.2,uniform,clean,1.0,0,120000,120000,0.0,3.2213770675184605,4.650667421898902,0.16165000846799046
n2_r220,2.2,uniform,exact,1.0,0,120000,120000,0.0,-0.0006721253811292627,-9.652249843838945e-05,0.006427175838407247
n2_r220,2.2,uniform,post,1.0,0,120000,120000,0.0,66.45794197029886,64.74708727319012,0.4443773784122282
n2_r220,2.2,uniform,raw,1.0,0,120000,120000,0.0,77.38056769575508,104.00523624011271,0.8401875605218262
n2_r220,2.2,uniform,rem,1.0,0,120000,120000,0.0,106.29875887600804,139.61979230802513,0.9859133241160417
n2_r220,2.2,uniform,rem_lin,1.0,0,120000,120000,0.0,57.47299566293407,74.63076457122497,0.5977874980988688
n2_r220,2.2,uniform,rem_lin_post,1.0,0,120000,120000,0.0,37.166104770093966,37.78646001205743,0.36966736517294924
n2_r220,2.2,uniform,rem_post,1.0,0,120000,120000,0.0,89.95391940803188,89.48455296415148,0.5166106318794529
n2_r250,2.5,guard15_equal,clean,1.0,0,120000,112500,2.0,5.834028561636728,5.809984604326246,0.10163466730260265
n2_r250,2.5,guard15_equal,exact,1.0,0,120000,112500,2.0,-0.14331038943282692,-0.023197140606612265,0.001081239653044201
n2_r250,2.5,guard15_equal,post,1.0,0,120000,112500,2.0,51.89035270181819,52.04621373607665,0.35207298287138356
n2_r250,2.5,guard15_equal,raw,1.0,0,120000,112500,2.0,73.80147852424557,84.70247564596889,0.6429450199187906
n2_r250,2.5,guard15_equal,rem,1.0,0,120000,112500,2.0,110.8997476549689,127.48600792087927,0.8387587316620978
n2_r250,2.5,guard15_equal,rem_lin,1.0,0,120000,112500,2.0,48.447755200385245,52.8110450309498,0.4485534624939226
n2_r250,2.5,guard15_equal,rem_lin_post,1.0,0,120000,112500,2.0,21.376026376486834,20.95830101885099,0.2729689078999774
n2_r250,2.5,guard15_equal,rem_post,1.0,0,120000,112500,2.0,61.5967612222903,64.52915784643665,0.4189032196396202
n2_r250,2.5,uniform,clean,1.0,0,120000,120000,0.0,8.659902132833963,7.9861465616772875,0.18622166676583626
n2_r250,2.5,uniform,exact,1.0,0,120000,120000,0.0,-0.0004300019469383187,-5.390614887801348e-05,0.0007770788151169354
n2_r250,2.5,uniform,post,1.0,0,120000,120000,0.0,73.321135514675,65.45496036211773,0.492219582032233
n2_r250,2.5,uniform,raw,1.0,0,120000,120000,0.0,73.73025286005941,96.07800594943683,0.69788020196624
n2_r250,2.5,uniform,rem,1.0,0,120000,120000,0.0,106.53728660324191,136.81735535215012,0.8630649349530791
n2_r250,2.5,uniform,rem_lin,1.0,0,120000,120000,0.0,49.75456007389312,61.27131848221268,0.5040171066813562
n2_r250,2.5,uniform,rem_lin_post,1.0,0,120000,120000,0.0,55.97474682646464,44.1795667239262,0.4854236394978099
n2_r250,2.5,uniform,rem_post,1.0,0,120000,120000,0.0,98.8537370753022,87.1836435483857,0.5608696086906078
n2_r080,0.8,guard15_equal,clean,0.2,0,120000,112500,2.0,8.12630398390013,6.370228450165882,0.07100312898268812
n2_r080,0.8,guard15_equal,exact,0.2,0,120000,112500,2.0,-0.0005124772002318423,-0.00023164540152720292,1.9606652473255666e-05
n2_r080,0.8,guard15_equal,post,0.2,0,120000,112500,2.0,41.291775415501775,43.11586155522207,0.16906521696395224
n2_r080,0.8,guard15_equal,raw,0.2,0,120000,112500,2.0,213.5489401521795,228.25416661179077,0.6499841673033868
n2_r080,0.8,guard15_equal,rem,0.2,0,120000,112500,2.0,322.21679613988385,334.2251426329881,0.8966723862656404
n2_r080,0.8,guard15_equal,rem_lin,0.2,0,120000,112500,2.0,41.96736289671321,46.70277550026469,0.17138285314120397
n2_r080,0.8,guard15_equal,rem_lin_post,0.2,0,120000,112500,2.0,7.976062988845456,5.016817292116116,0.1270368144760032
n2_r080,0.8,guard15_equal,rem_post,0.2,0,120000,112500,2.0,34.81144800285563,38.45943132323271,0.1751842567393837
n2_r080,0.8,uniform,clean,0.2,0,120000,120000,0.0,19.95414441337573,16.857854249153092,0.09429245899378719
n2_r080,0.8,uniform,exact,0.2,0,120000,120000,0.0,-0.0002751803123146601,-9.623617813758756e-05,3.486447074053122e-05
n2_r080,0.8,uniform,post,0.2,0,120000,120000,0.0,55.552565891318295,49.687386498021624,0.16905075510421422
n2_r080,0.8,uniform,raw,0.2,0,120000,120000,0.0,217.99819205568838,244.01359447048776,0.6564303501245579
n2_r080,0.8,uniform,rem,0.2,0,120000,120000,0.0,376.2243786019752,401.0288341623891,1.0076686337259668
n2_r080,0.8,uniform,rem_lin,0.2,0,120000,120000,0.0,74.79891524597804,64.34745104202477,0.17815550025498994
n2_r080,0.8,uniform,rem_lin_post,0.2,0,120000,120000,0.0,23.6990956955907,13.379578367818112,0.14545160014833639
n2_r080,0.8,uniform,rem_post,0.2,0,120000,120000,0.0,99.5563073013983,85.6836775888894,0.23118775538319494
n2_r090,0.9,guard15_equal,clean,0.2,0,120000,112500,2.0,7.082536538973727,6.62601878944713,0.09704014886936049
n2_r090,0.9,guard15_equal,exact,0.2,0,120000,112500,2.0,-0.0008376892850492368,-0.00034544872562491946,2.377592836329774e-05
n2_r090,0.9,guard15_equal,post,0.2,0,120000,112500,2.0,32.497960663263825,35.17220854038783,0.14428608362977582
n2_r090,0.9,guard15_equal,raw,0.2,0,120000,112500,2.0,201.4173037192677,214.66785712493675,0.6761308549532462
n2_r090,0.9,guard15_equal,rem,0.2,0,120000,112500,2.0,289.5996897019302,309.63067476443484,0.8910964748575957
n2_r090,0.9,guard15_equal,rem_lin,0.2,0,120000,112500,2.0,49.51916214923813,46.04283838231993,0.1529685726988811
n2_r090,0.9,guard15_equal,rem_lin_post,0.2,0,120000,112500,2.0,7.033856944701711,0.07070140240728051,0.07987797700874043
n2_r090,0.9,guard15_equal,rem_post,0.2,0,120000,112500,2.0,32.41055516726021,36.39418704656805,0.13727028313844525
n2_r090,0.9,uniform,clean,0.2,0,120000,120000,0.0,19.36965740476637,17.611920970907136,0.11837572828784823
n2_r090,0.9,uniform,exact,0.2,0,120000,120000,0.0,-0.0003165063588994599,-0.00010650049375726667,2.6733565292195042e-05
n2_r090,0.9,uniform,post,0.2,0,120000,120000,0.0,82.73976653609338,80.54171430198664,0.23154752977701284
n2_r090,0.9,uniform,raw,0.2,0,120000,120000,0.0,195.52938902167227,220.19507257247994,0.6414241608546051
n2_r090,0.9,uniform,rem,0.2,0,120000,120000,0.0,332.1380751642238,361.1631156652493,0.997134937445978
n2_r090,0.9,uniform,rem_lin,0.2,0,120000,120000,0.0,57.32131194439205,60.892925018379174,0.18323877463138244
n2_r090,0.9,uniform,rem_lin_post,0.2,0,120000,120000,0.0,36.20728005337526,33.9469471831535,0.17901685023752303
n2_r090,0.9,uniform,rem_post,0.2,0,120000,120000,0.0,99.6716048892381,99.06623588149444,0.2803625781692324
n2_r100,1.0,guard15_equal,clean,0.2,0,120000,112500,2.0,3.393365882203625,-1.3832934524486973,0.07159607067816146
n2_r100,1.0,guard15_equal,exact,0.2,0,120000,112500,2.0,-0.00029030579185018723,-0.00011775624386700656,7.500456811717527e-05
n2_r100,1.0,guard15_equal,post,0.2,0,120000,112500,2.0,40.059169001665396,44.96473444197591,0.1845204515933661
n2_r100,1.0,guard15_equal,raw,0.2,0,120000,112500,2.0,171.11823163358508,189.40583033638347,0.6315119243342882
n2_r100,1.0,guard15_equal,rem,0.2,0,120000,112500,2.0,271.5289481390357,292.12646153828814,0.910968916587988
n2_r100,1.0,guard15_equal,rem_lin,0.2,0,120000,112500,2.0,33.760505465238566,40.81547273939634,0.16012510333238658
n2_r100,1.0,guard15_equal,rem_lin_post,0.2,0,120000,112500,2.0,18.30833498588902,11.335059084586874,0.15588294385252435
n2_r100,1.0,guard15_equal,rem_post,0.2,0,120000,112500,2.0,46.01520566970407,49.64789439499384,0.20956099041599657
n2_r100,1.0,uniform,clean,0.2,0,120000,120000,0.0,13.868684234495277,13.6697218819819,0.09808475914132017
n2_r100,1.0,uniform,exact,0.2,0,120000,120000,0.0,-0.00019735399803266773,-6.631904625464813e-05,0.00014784049419438143
n2_r100,1.0,uniform,post,0.2,0,120000,120000,0.0,61.10897402707849,58.78794774088192,0.2094275158525233
n2_r100,1.0,uniform,raw,0.2,0,120000,120000,0.0,191.80851978396163,206.76030013123636,0.6449926659202385
n2_r100,1.0,uniform,rem,0.2,0,120000,120000,0.0,306.59395415885626,340.45559927368174,1.008361321321251
n2_r100,1.0,uniform,rem_lin,0.2,0,120000,120000,0.0,61.39929244990583,58.766926617352055,0.18661393499082635
n2_r100,1.0,uniform,rem_lin_post,0.2,0,120000,120000,0.0,16.578395834585535,16.185443291846013,0.1291087902325947
n2_r100,1.0,uniform,rem_post,0.2,0,120000,120000,0.0,74.13697817648313,78.09406992438994,0.2447500963472711
n2_r110,1.1,guard15_equal,clean,0.2,0,120000,112500,2.0,2.585773868318597,2.5992524185625143,0.06347729746383574
n2_r110,1.1,guard15_equal,exact,0.2,0,120000,112500,2.0,-0.0005922699557459055,-0.0001823425606062301,0.00011123485948128901
n2_r110,1.1,guard15_equal,post,0.2,0,120000,112500,2.0,37.68251539926837,42.15547526284524,0.19167746561573687
n2_r110,1.1,guard15_equal,raw,0.2,0,120000,112500,2.0,139.64055800656183,162.104347129997,0.6499519049134572
n2_r110,1.1,guard15_equal,rem,0.2,0,120000,112500,2.0,218.00042058977454,251.36454278575115,0.9044193714298422
n2_r110,1.1,guard15_equal,rem_lin,0.2,0,120000,112500,2.0,21.772994152769343,34.28954922715377,0.18147663867770392
n2_r110,1.1,guard15_equal,rem_lin_post,0.2,0,120000,112500,2.0,12.145542015076671,11.670580230074279,0.1285936443733886
n2_r110,1.1,guard15_equal,rem_post,0.2,0,120000,112500,2.0,38.981328742892174,45.30906720258088,0.21336713247015313
n2_r110,1.1,uniform,clean,0.2,0,120000,120000,0.0,22.373819785386218,19.70113103749327,0.10624960693439564
n2_r110,1.1,uniform,exact,0.2,0,120000,120000,0.0,-1.9998793732156628e-06,-4.953619736625114e-07,0.0005365923823059873
n2_r110,1.1,uniform,post,0.2,0,120000,120000,0.0,63.28270012629389,66.59199863530318,0.2572700221633169
n2_r110,1.1,uniform,raw,0.2,0,120000,120000,0.0,157.93892123967623,190.71392507397888,0.7023261313393663
n2_r110,1.1,uniform,rem,0.2,0,120000,120000,0.0,245.7581047433024,286.9685424902144,1.0002228565046796
n2_r110,1.1,uniform,rem_lin,0.2,0,120000,120000,0.0,56.309048160301245,63.78278019585082,0.21466276066683251
n2_r110,1.1,uniform,rem_lin_post,0.2,0,120000,120000,0.0,27.831747226571224,29.57385445101579,0.1622476125542343
n2_r110,1.1,uniform,rem_post,0.2,0,120000,120000,0.0,81.08466487848887,84.05599470350467,0.3014310119435379
n2_r125,1.25,guard15_equal,clean,0.2,0,120000,112500,2.0,3.285080774062976,-3.0426598920740844,0.09303082097469015
n2_r125,1.25,guard15_equal,exact,0.2,0,120000,112500,2.0,-5.27929131521887e-05,-1.4360693967319094e-05,0.0004610047293889028
n2_r125,1.25,guard15_equal,post,0.2,0,120000,112500,2.0,43.53919324815081,48.40315990806232,0.21203058957820087
n2_r125,1.25,guard15_equal,raw,0.2,0,120000,112500,2.0,113.22612920194786,137.01001968888704,0.6599500639869963
n2_r125,1.25,guard15_equal,rem,0.2,0,120000,112500,2.0,180.50532839293965,224.0518262411939,0.9652338209858375
n2_r125,1.25,guard15_equal,rem_lin,0.2,0,120000,112500,2.0,33.99250211106164,45.548495107439635,0.2038672596762794
n2_r125,1.25,guard15_equal,rem_lin_post,0.2,0,120000,112500,2.0,18.281422353624066,18.565648841160964,0.15337051224889198
n2_r125,1.25,guard15_equal,rem_post,0.2,0,120000,112500,2.0,50.54126292010608,58.7941478692926,0.22932355022277612
n2_r125,1.25,uniform,clean,0.2,0,120000,120000,0.0,4.811090696705378,2.2792511965263884,0.11477269687554405
n2_r125,1.25,uniform,exact,0.2,0,120000,120000,0.0,-1.968388119166775e-06,-3.95928623220243e-07,0.0007619422638259108
n2_r125,1.25,uniform,post,0.2,0,120000,120000,0.0,37.751029977684425,36.72204331434159,0.20323850566402382
n2_r125,1.25,uniform,raw,0.2,0,120000,120000,0.0,106.66184541713619,143.29644872445613,0.6457827309309919
n2_r125,1.25,uniform,rem,0.2,0,120000,120000,0.0,200.65950858896997,246.30222537795987,0.9958669731092027
n2_r125,1.25,uniform,rem_lin,0.2,0,120000,120000,0.0,37.04992650160932,40.036246236084594,0.1770378081917364
n2_r125,1.25,uniform,rem_lin_post,0.2,0,120000,120000,0.0,13.32189022676289,11.781580365990862,0.15415453149084507
n2_r125,1.25,uniform,rem_post,0.2,0,120000,120000,0.0,44.76133742161892,51.8784945469406,0.25287431404196975
n2_r145,1.45,guard15_equal,clean,0.2,0,120000,112500,2.0,-3.4501571003602294,-5.260032781137625,0.11191415632732613
n2_r145,1.45,guard15_equal,exact,0.2,0,120000,112500,2.0,-0.00039345761138065427,-8.828187958442868e-05,0.001443199778690379
n2_r145,1.45,guard15_equal,post,0.2,0,120000,112500,2.0,7.673015668785865,17.796890812974198,0.19360001266883664
n2_r145,1.45,guard15_equal,raw,0.2,0,120000,112500,2.0,53.05063930262577,87.9966353145818,0.5772928275447353
n2_r145,1.45,guard15_equal,rem,0.2,0,120000,112500,2.0,99.80706630130953,151.77057370350155,0.9034277479689505
n2_r145,1.45,guard15_equal,rem_lin,0.2,0,120000,112500,2.0,5.018059426248556,13.836476208695103,0.175635495732554
n2_r145,1.45,guard15_equal,rem_lin_post,0.2,0,120000,112500,2.0,2.137463774957382,-0.6228654843738468,0.14544091340692808
n2_r145,1.45,guard15_equal,rem_post,0.2,0,120000,112500,2.0,8.436084377549946,20.9583050291684,0.22707161315312877
n2_r145,1.45,uniform,clean,0.2,0,120000,120000,0.0,2.518713883191026,6.249292231899517,0.11479766125363151
n2_r145,1.45,uniform,exact,0.2,0,120000,120000,0.0,-0.00010048239573734463,-1.6190213614208915e-05,0.0014409653126805984
n2_r145,1.45,uniform,post,0.2,0,120000,120000,0.0,26.70579665708317,31.192512771397674,0.22411176369724062
n2_r145,1.45,uniform,raw,0.2,0,120000,120000,0.0,66.78516195742645,103.92068907327712,0.6096892323452027
n2_r145,1.45,uniform,rem,0.2,0,120000,120000,0.0,121.02941122836341,180.75652237385498,1.0052523238239233
n2_r145,1.45,uniform,rem_lin,0.2,0,120000,120000,0.0,36.94207143982453,41.54699223754221,0.2108994925877591
n2_r145,1.45,uniform,rem_lin_post,0.2,0,120000,120000,0.0,20.185767929206122,15.353536396375489,0.19591865921753182
n2_r145,1.45,uniform,rem_post,0.2,0,120000,120000,0.0,41.390197683384145,49.311899226893274,0.28902845770336505
n2_r160,1.6,guard15_equal,clean,0.2,0,120000,112500,2.0,2.86937191479808,2.0444298321820042,0.11185864382365336
n2_r160,1.6,guard15_equal,exact,0.2,0,120000,112500,2.0,-0.4411347623971551,-0.09178507934848312,0.0016629590052190115
n2_r160,1.6,guard15_equal,post,0.2,0,120000,112500,2.0,10.49508282642364,15.577259203780613,0.19511394645727415
n2_r160,1.6,guard15_equal,raw,0.2,0,120000,112500,2.0,35.92978876733355,64.0740674513296,0.5549469812322232
n2_r160,1.6,guard15_equal,rem,0.2,0,120000,112500,2.0,70.00947110022082,116.00584674239656,0.8512358526892053
n2_r160,1.6,guard15_equal,rem_lin,0.2,0,120000,112500,2.0,3.2720808547566094,9.954680411993877,0.17571868598598148
n2_r160,1.6,guard15_equal,rem_lin_post,0.2,0,120000,112500,2.0,5.397109339895678,2.0537327805953964,0.1537289641767942
n2_r160,1.6,guard15_equal,rem_post,0.2,0,120000,112500,2.0,6.430562067492929,16.610511860008614,0.20179068029327044
n2_r160,1.6,uniform,clean,0.2,0,120000,120000,0.0,3.1613831813501747,5.318320707530688,0.14112011521341652
n2_r160,1.6,uniform,exact,0.2,0,120000,120000,0.0,-2.5058852770598605e-06,-4.1600856093282346e-07,0.001923027233246588
n2_r160,1.6,uniform,post,0.2,0,120000,120000,0.0,24.48322510683454,30.239492898715525,0.24115859035185233
n2_r160,1.6,uniform,raw,0.2,0,120000,120000,0.0,40.53645290808561,82.55289280404554,0.5853046789711842
n2_r160,1.6,uniform,rem,0.2,0,120000,120000,0.0,85.97804922115415,147.95041107049656,0.9608313397263987
n2_r160,1.6,uniform,rem_lin,0.2,0,120000,120000,0.0,17.671877565234695,28.13069940805235,0.20005526525345546
n2_r160,1.6,uniform,rem_lin_post,0.2,0,120000,120000,0.0,10.199143894567442,12.746978739585302,0.20416663995183434
n2_r160,1.6,uniform,rem_post,0.2,0,120000,120000,0.0,34.66997909166025,42.348288166905945,0.2880803515121229
n2_r180,1.8,guard15_equal,clean,0.2,0,120000,112500,2.0,-2.9111614933867713,1.7118696467974814,0.12821090214495004
n2_r180,1.8,guard15_equal,exact,0.2,0,120000,112500,2.0,-0.8241631018393036,-0.16257256800145115,0.009265038170878143
n2_r180,1.8,guard15_equal,post,0.2,0,120000,112500,2.0,11.849046685767917,18.26261208415758,0.21030248829510728
n2_r180,1.8,guard15_equal,raw,0.2,0,120000,112500,2.0,29.452032338951994,53.40604309810715,0.4661900323506244
n2_r180,1.8,guard15_equal,rem,0.2,0,120000,112500,2.0,62.24700337688205,104.68797309238198,0.7804752225920446
n2_r180,1.8,guard15_equal,rem_lin,0.2,0,120000,112500,2.0,3.7318552774650016,10.422594174272604,0.1877439942718232
n2_r180,1.8,guard15_equal,rem_lin_post,0.2,0,120000,112500,2.0,4.746702062817576,7.921326668082429,0.17884916826163977
n2_r180,1.8,guard15_equal,rem_post,0.2,0,120000,112500,2.0,12.685605918264287,23.84947283701422,0.26014237175463956
n2_r180,1.8,uniform,clean,0.2,0,120000,120000,0.0,3.952399582701105,6.193202830658606,0.14203593137011453
n2_r180,1.8,uniform,exact,0.2,0,120000,120000,0.0,-2.543561095080804e-05,-4.133454467591946e-06,0.01211837563418087
n2_r180,1.8,uniform,post,0.2,0,120000,120000,0.0,10.363265313841907,19.794962088738544,0.21595828700451278
n2_r180,1.8,uniform,raw,0.2,0,120000,120000,0.0,35.89776591206828,65.41245560651987,0.5175479997380619
n2_r180,1.8,uniform,rem,0.2,0,120000,120000,0.0,66.73297361433583,117.91005856129289,0.8369319407531507
n2_r180,1.8,uniform,rem_lin,0.2,0,120000,120000,0.0,17.07044198221297,20.964028776518262,0.19251032509994032
n2_r180,1.8,uniform,rem_lin_post,0.2,0,120000,120000,0.0,9.086451304312959,13.076879167499555,0.2102870026010019
n2_r180,1.8,uniform,rem_post,0.2,0,120000,120000,0.0,18.908923969163993,34.492994329383464,0.2896910737998407
n2_r200,2.0,guard15_equal,clean,0.2,0,120000,112500,2.0,-3.235848289534715,-1.44770621095347,0.11737579691121988
n2_r200,2.0,guard15_equal,exact,0.2,0,120000,112500,2.0,-0.555491428869459,-0.11029597150979953,0.009966260899023598
n2_r200,2.0,guard15_equal,post,0.2,0,120000,112500,2.0,12.485186145895,16.501198636859726,0.20854831201939675
n2_r200,2.0,guard15_equal,raw,0.2,0,120000,112500,2.0,28.705657013688324,51.77949111775604,0.43039105205898864
n2_r200,2.0,guard15_equal,rem,0.2,0,120000,112500,2.0,60.541478154164,94.2749452640328,0.6410493919231374
n2_r200,2.0,guard15_equal,rem_lin,0.2,0,120000,112500,2.0,10.92611437579194,16.758106686310725,0.19005280854825427
n2_r200,2.0,guard15_equal,rem_lin_post,0.2,0,120000,112500,2.0,0.3082456509559961,5.626302223532775,0.20965029737428947
n2_r200,2.0,guard15_equal,rem_post,0.2,0,120000,112500,2.0,14.959505382535099,21.706605956708813,0.23059100625920648
n2_r200,2.0,uniform,clean,0.2,0,120000,120000,0.0,6.143453168149904,6.626981957765565,0.16248464754081202
n2_r200,2.0,uniform,exact,0.2,0,120000,120000,0.0,-5.626846188988566e-05,-8.433971743215807e-06,0.011541184390989567
n2_r200,2.0,uniform,post,0.2,0,120000,120000,0.0,20.062322171824576,19.230819459764348,0.22554980489392235
n2_r200,2.0,uniform,raw,0.2,0,120000,120000,0.0,30.613788762735794,58.617245365425674,0.4659799613311351
n2_r200,2.0,uniform,rem,0.2,0,120000,120000,0.0,66.0819699604076,104.31280402613652,0.7039948331980602
n2_r200,2.0,uniform,rem_lin,0.2,0,120000,120000,0.0,18.08847356159049,24.42465320510223,0.23433076162340816
n2_r200,2.0,uniform,rem_lin_post,0.2,0,120000,120000,0.0,8.578830385772562,4.032199286811533,0.2217122139019412
n2_r200,2.0,uniform,rem_post,0.2,0,120000,120000,0.0,28.315895638286293,28.99927891209586,0.26378611247261297
n2_r220,2.2,guard15_equal,clean,0.2,0,120000,112500,2.0,0.7364912889897823,1.257145437790541,0.08883129744013106
n2_r220,2.2,guard15_equal,exact,0.2,0,120000,112500,2.0,-0.4675543184475828,-0.0841733007774792,0.0029822590959735955
n2_r220,2.2,guard15_equal,post,0.2,0,120000,112500,2.0,17.360016115119947,20.431773146881937,0.21069558734259364
n2_r220,2.2,guard15_equal,raw,0.2,0,120000,112500,2.0,34.58476216324868,50.734789947142644,0.4101631265039687
n2_r220,2.2,guard15_equal,rem,0.2,0,120000,112500,2.0,61.1672151557201,87.14372351491306,0.6282906140651551
n2_r220,2.2,guard15_equal,rem_lin,0.2,0,120000,112500,2.0,10.929853727716932,15.018359582555263,0.17186099177524472
n2_r220,2.2,guard15_equal,rem_lin_post,0.2,0,120000,112500,2.0,6.917829912083562,8.153848423376076,0.21637826603111274
n2_r220,2.2,guard15_equal,rem_post,0.2,0,120000,112500,2.0,21.74089885062358,25.46532668570478,0.23960772410854267
n2_r220,2.2,uniform,clean,0.2,0,120000,120000,0.0,3.221377096807032,4.650667452480661,0.16165000809381502
n2_r220,2.2,uniform,exact,0.2,0,120000,120000,0.0,-0.0006826476806054416,-9.799219924389035e-05,0.0064478729377686885
n2_r220,2.2,uniform,post,0.2,0,120000,120000,0.0,26.436863044168035,26.968353899746944,0.24950884733982576
n2_r220,2.2,uniform,raw,0.2,0,120000,120000,0.0,46.274981549515815,57.8516320968987,0.521471543380294
n2_r220,2.2,uniform,rem,0.2,0,120000,120000,0.0,74.75994940359953,95.38778082708177,0.7135981582456334
n2_r220,2.2,uniform,rem_lin,0.2,0,120000,120000,0.0,26.602504389714454,26.927591985028698,0.2882711110961358
n2_r220,2.2,uniform,rem_lin_post,0.2,0,120000,120000,0.0,15.092874132122347,15.402468362623267,0.24183269665370907
n2_r220,2.2,uniform,rem_post,0.2,0,120000,120000,0.0,33.45736534357968,36.70514282920578,0.28406609032959007
n2_r250,2.5,guard15_equal,clean,0.2,0,120000,112500,2.0,5.834028304207095,5.80998449532899,0.10163466659444935
n2_r250,2.5,guard15_equal,exact,0.2,0,120000,112500,2.0,-0.14331017963797876,-0.02319715309795356,0.0010805392761067602
n2_r250,2.5,guard15_equal,post,0.2,0,120000,112500,2.0,13.67632745342462,13.787705194147293,0.20532600942747548
n2_r250,2.5,guard15_equal,raw,0.2,0,120000,112500,2.0,36.147156779946954,45.20211393951001,0.3938300729647683
n2_r250,2.5,guard15_equal,rem,0.2,0,120000,112500,2.0,72.0831776289117,88.5940549740667,0.5782832734402895
n2_r250,2.5,guard15_equal,rem_lin,0.2,0,120000,112500,2.0,15.622453151920013,16.723274584506953,0.20355008270634423
n2_r250,2.5,guard15_equal,rem_lin_post,0.2,0,120000,112500,2.0,6.590081349855836,5.872394407106185,0.1932850768003392
n2_r250,2.5,guard15_equal,rem_post,0.2,0,120000,112500,2.0,16.703425816913864,17.52900945807312,0.2313877936228806
n2_r250,2.5,uniform,clean,0.2,0,120000,120000,0.0,8.659902001141973,7.98614645547957,0.18622166395356962
n2_r250,2.5,uniform,exact,0.2,0,120000,120000,0.0,-0.00042895806018350413,-5.37795017407916e-05,0.0007770809509435528
n2_r250,2.5,uniform,post,0.2,0,120000,120000,0.0,31.962368774387073,29.420371637186804,0.286978258209877
n2_r250,2.5,uniform,raw,0.2,0,120000,120000,0.0,52.96627792910158,63.16455268077448,0.5245118791663164
n2_r250,2.5,uniform,rem,0.2,0,120000,120000,0.0,74.6351035532058,92.76724720635343,0.6508759986566646
n2_r250,2.5,uniform,rem_lin,0.2,0,120000,120000,0.0,22.942824484118773,22.96607586814048,0.24952376850555513
n2_r250,2.5,uniform,rem_lin_post,0.2,0,120000,120000,0.0,19.26989609032148,17.30030567729557,0.25608565800001376
n2_r250,2.5,uniform,rem_post,0.2,0,120000,120000,0.0,43.02546888833092,40.52230600477458,0.32300781040916665
