gate_scale,arm,variant,n,mean_h_error_meh,mean_f_error_meh,mean_d2_error,mean_density_error,mean_contact_error,mean_gamma_error
1.0,guard15_equal,rem_lin,11,117.01837178870278,134.44446913166144,0.6105305287892796,0.4049931792463734,0.22660175046323586,0.16816426453780575
1.0,guard15_equal,rem_lin_post,11,40.91847688977685,43.22472094407524,0.2801822021096328,0.14739771927912826,0.13097177714818947,0.06120357163430486
1.0,uniform,rem_lin,11,148.95237717233297,163.68940269446662,0.6504070624096617,0.4193793507245347,0.2600438158719579,0.17413779710820415
1.0,uniform,rem_lin_post,11,64.89037755442243,57.978651356743235,0.3405091925146867,0.15309349644387138,0.16201784374876452,0.06356861437351141
0.2,guard15_equal,exact,11,-0.22130298035898993,-0.04300035529457669,0.002462807542155946,9.843687285166279e-08,0.00016622968177896835,4.101269921704519e-08
0.2,guard15_equal,clean,11,2.2105259701974815,1.3895669757873335,0.09599753911004234,0.02283292654722708,0.0519131235320349,0.00948085670769542
0.2,guard15_equal,raw,11,96.07465446175793,116.78503288731112,0.554576637104244,0.3645139969929357,0.20650038518712754,0.15135619896713864
0.2,guard15_equal,post,11,24.419026238478832,28.74262534429952,0.19319692396288327,0.09750458671196437,0.08765068361094258,0.04048657595589201
0.2,guard15_equal,rem,11,155.24605406188837,186.7159786594499,0.8137411884368806,0.5729226779639806,0.29300962438776207,0.23789319355083413
0.2,guard15_equal,rem_lin,11,20.955722144447268,26.91932932771899,0.17948931695878698,0.09196383513562782,0.08114544589623295,0.038185904088154636
0.2,guard15_equal,rem_post,11,25.792352992381623,32.24763269666782,0.21411794565258394,0.11255030366330122,0.09535503110219043,0.04673396987576762
0.2,guard15_equal,rem_lin_post,11,8.167513761700269,6.878504169878593,0.15837223436460474,0.053939702202697816,0.07630024172531696,0.022397242261005958
0.2,uniform,exact,11,-0.00018993700285301946,-4.099021437427423e-05,0.0032505890578335334,1.95995928088181e-08,1.2597030652085984e-07,8.457116713498812e-09
0.2,uniform,clean,11,9.821329586188199,9.740408270170581,0.13091684342347767,0.03683390257052584,0.06641929152428697,0.01529444556927851
0.2,uniform,raw,11,103.9101178670062,130.59080078178005,0.5923146667365413,0.3738573569609009,0.23330947526007653,0.155235818028034
0.2,uniform,post,11,40.04080705696435,40.83432756782589,0.22852726182348382,0.10498842693113404,0.11326203853028076,0.04359407146795143
0.2,uniform,rem,11,177.32649802167217,215.90937645770097,0.898249028773719,0.625912169758944,0.33238933373625584,0.2598958824192394
0.2,uniform,rem_lin,11,38.74515342953476,41.16239732637052,0.21048177299109289,0.09942323789718018,0.09695929971041917,0.04128325249875579
0.2,uniform,rem_post,11,54.45261120742114,57.37803473767981,0.2771150592829004,0.1507075580383084,0.12822588805967255,0.06257790737438697
0.2,uniform,rem_lin_post,11,18.18648843392623,16.616342844546818,0.19090747772632413,0.05841461137891004,0.10183662601798721,0.02425534716179561
