system,metric,arm,rmse_total_mHa,common_part_mHa,unique_part_mHa,same_direction
n2,h,uniform,21.645607,9.267559,12.378048,1
n2,h,exclusive_guard15_mu0,19.212228,9.348725,9.863503,1
n2,h,guard15_equal_mu0,16.074049,8.905928,7.168122,1
n2,h,exclusive_guard15_mu2,8.109514,2.950848,5.158666,1
n2,h,guard15_equal,5.101429,3.024996,2.076433,1
n2,f,uniform,15.538379,9.746124,5.792255,1
n2,f,exclusive_guard15_mu0,14.142924,9.485210,4.657714,1
n2,f,guard15_equal_mu0,12.707493,8.816818,3.890675,1
n2,f,exclusive_guard15_mu2,4.456946,3.766424,0.690522,1
n2,f,guard15_equal,4.271091,4.657738,-0.386648,0
co_eq,h,uniform,18.248667,7.132838,11.115829,1
co_eq,h,exclusive_guard15_mu0,20.001285,7.543624,12.457660,1
co_eq,h,guard15_equal_mu0,15.393387,4.495514,10.897873,1
co_eq,h,exclusive_guard15_mu2,9.505039,2.224944,7.280095,1
co_eq,h,guard15_equal,8.510919,1.275746,7.235172,1
co_eq,f,uniform,14.240606,7.251867,6.988738,1
co_eq,f,exclusive_guard15_mu0,14.680565,7.739488,6.941077,1
co_eq,f,guard15_equal_mu0,10.842181,4.531333,6.310848,1
co_eq,f,exclusive_guard15_mu2,5.333925,2.879566,2.454359,1
co_eq,f,guard15_equal,4.487355,1.360665,3.126690,1
