system,budget,arm,stream,h_error_mHa,f_error_mHa,d2_frobenius_error
n2,30000,uniform,0,41.769563356837125,29.632324688080303,0.20257570092198193
n2,30000,uniform,1,36.53582768616559,23.858740425794167,0.17218946503426136
n2,30000,uniform,2,22.90680460788508,18.022697016178313,0.13742111351543623
n2,30000,uniform,3,34.4040777030159,21.30342646769634,0.15884252163022403
n2,30000,uniform,4,21.072040836628503,12.622599511800559,0.18055538431780432
n2,30000,uniform,5,10.014067278419247,8.980115284288104,0.14452140198390556
n2,30000,uniform,6,23.008099073962285,15.535192180323065,0.16023359194314046
n2,30000,uniform,7,49.60793702825583,38.01256630219996,0.22824877941242502
n2,30000,guard15_equal_mu0,0,35.32289570713942,33.30575677969705,0.16471363803249522
n2,30000,guard15_equal_mu0,1,34.3049808082867,24.310955338123108,0.17711674428751856
n2,30000,guard15_equal_mu0,2,31.65593674826539,21.96002477843706,0.16755667413667685
n2,30000,guard15_equal_mu0,3,21.29347490102873,12.654189718034559,0.16314846809423472
n2,30000,guard15_equal_mu0,4,11.273339943670635,6.296858905756153,0.14297269539586607
n2,30000,guard15_equal_mu0,5,13.902247723919459,10.16962722312087,0.13795915221006935
n2,30000,guard15_equal_mu0,6,6.171369724128795,3.6177537236881108,0.10011498205766468
n2,30000,guard15_equal_mu0,7,36.84794670823521,27.15794866750798,0.16990901399331745
n2,30000,guard15_equal,0,17.630612736951434,17.92125282558743,0.14791409980346923
n2,30000,guard15_equal,1,18.305451231015013,10.849198900160673,0.14975330154741548
n2,30000,guard15_equal,2,12.117396580080708,2.565088203098753,0.15025959814808215
n2,30000,guard15_equal,3,10.563468426624922,4.152239911647371,0.14405286784000526
n2,30000,guard15_equal,4,6.550187834903909,1.2354508975960243,0.12707977984182978
n2,30000,guard15_equal,5,5.309932005843621,0.3809565525330072,0.1119789230932708
n2,30000,guard15_equal,6,2.911997969164304,-1.073032696780274,0.09046824750819062
n2,30000,guard15_equal,7,11.28701909030383,6.6603871219825805,0.1512432185537888
n2,30000,exclusive_guard15_mu0,0,21.41885217874062,7.42178356775014,0.1711472020135374
n2,30000,exclusive_guard15_mu0,1,42.854394740786006,28.15981205110063,0.19954532088988267
n2,30000,exclusive_guard15_mu0,2,20.473812413314363,16.563885145984614,0.18385083548558603
n2,30000,exclusive_guard15_mu0,3,27.905652645671353,12.956151536087646,0.1840061479802085
n2,30000,exclusive_guard15_mu0,4,38.629232331260255,29.569919867313388,0.1861599606014342
n2,30000,exclusive_guard15_mu0,5,19.976453595404564,8.918849311086774,0.1781612132144945
n2,30000,exclusive_guard15_mu0,6,34.59400862834627,25.748657111023476,0.20035018816709896
n2,30000,exclusive_guard15_mu0,7,44.070294823114864,32.107320304191944,0.18105183855053078
n2,30000,exclusive_guard15_mu2,0,9.72302270834291,-2.043930954570783,0.15270044357730628
n2,30000,exclusive_guard15_mu2,1,15.31852324421834,6.937958730134142,0.14519667353847882
n2,30000,exclusive_guard15_mu2,2,9.616741198868795,2.2895360276180554,0.1665647055661964
n2,30000,exclusive_guard15_mu2,3,15.085495319794973,3.284215727731521,0.15963667501822854
n2,30000,exclusive_guard15_mu2,4,17.516697050140806,8.993069831959133,0.15471852825536134
n2,30000,exclusive_guard15_mu2,5,11.905187240188297,0.6911681008006099,0.1583349448325449
n2,30000,exclusive_guard15_mu2,6,12.234045412711225,5.222950344304422,0.16050344458993254
n2,30000,exclusive_guard15_mu2,7,14.208557126707433,8.869203096622869,0.15040235143009692
n2,60000,uniform,0,28.4357125418353,21.430850566474646,0.15779996009329472
n2,60000,uniform,1,26.37271447648004,20.412791171438016,0.13565610915990708
n2,60000,uniform,2,11.941018032388229,8.190774854554661,0.13220149559319366
n2,60000,uniform,3,12.524201671425317,2.8702070624859743,0.12234906935929891
n2,60000,uniform,4,22.94901009476291,15.447405361229016,0.1491859775819521
n2,60000,uniform,5,10.468416624078714,7.236619895437002,0.11630869576930844
n2,60000,uniform,6,16.645141781026496,10.600913597087924,0.1109419751163631
n2,60000,uniform,7,32.115409353949076,24.01810250560743,0.1403157079432362
n2,60000,guard15_equal_mu0,0,14.753112662589274,16.72017398405501,0.13268255768209516
n2,60000,guard15_equal_mu0,1,17.855005314345362,11.588804049281975,0.09454824387790162
n2,60000,guard15_equal_mu0,2,24.485851784135093,19.398751388237656,0.11695336438241771
n2,60000,guard15_equal_mu0,3,3.622737610712079,4.945507645317093,0.08507447245314115
n2,60000,guard15_equal_mu0,4,14.779841836173091,13.768522857191101,0.11192474740426649
n2,60000,guard15_equal_mu0,5,8.336910435318146,5.562948151805358,0.11207000567389677
n2,60000,guard15_equal_mu0,6,13.340680265159222,10.418360580629837,0.11481610811972935
n2,60000,guard15_equal_mu0,7,21.25893358490316,12.171607973328946,0.12809082338321157
n2,60000,guard15_equal,0,7.36774895256076,10.23558000332514,0.12310327289960812
n2,60000,guard15_equal,1,4.861441266228894,0.49934231729764633,0.0822977857418887
n2,60000,guard15_equal,2,3.734327541366156,0.6450357090699299,0.09487530147334494
n2,60000,guard15_equal,3,1.465032612273376,1.5033057068620792,0.08287369386860075
n2,60000,guard15_equal,4,4.743840572203339,5.157054688723406,0.09761296077211118
n2,60000,guard15_equal,5,1.9492290690408254,0.3510006343248051,0.09822722076921275
n2,60000,guard15_equal,6,4.756675276752276,3.096347111210207,0.09897715217734332
n2,60000,guard15_equal,7,8.07825825192765,-1.3926609039884852,0.12798500445656272
n2,60000,exclusive_guard15_mu0,0,17.00000139052804,8.456332102710462,0.13281129508438821
n2,60000,exclusive_guard15_mu0,1,17.659181888262765,16.461099599979434,0.115750083765321
n2,60000,exclusive_guard15_mu0,2,16.990298986087282,8.549563882255029,0.13398720543155185
n2,60000,exclusive_guard15_mu0,3,21.196728980456214,17.507696489602154,0.11438384661299711
n2,60000,exclusive_guard15_mu0,4,8.287503574450739,7.270929695167183,0.09890341890319901
n2,60000,exclusive_guard15_mu0,5,23.327882974612635,15.168118398534602,0.14342510301444134
n2,60000,exclusive_guard15_mu0,6,25.405297936615057,16.965822892686333,0.12197921673653656
n2,60000,exclusive_guard15_mu0,7,18.861533666807873,17.53023529347786,0.12408091663857275
n2,60000,exclusive_guard15_mu2,0,8.559071045866062,0.47572766669645716,0.1332241091464446
n2,60000,exclusive_guard15_mu2,1,8.734298007340158,5.858668113845056,0.0979784861763347
n2,60000,exclusive_guard15_mu2,2,5.932331847645855,-0.19412902653925812,0.11988968148402465
n2,60000,exclusive_guard15_mu2,3,9.48391736034182,5.500982859459214,0.10771698889258739
n2,60000,exclusive_guard15_mu2,4,4.296450708963562,2.700470209461514,0.09284479838110386
n2,60000,exclusive_guard15_mu2,5,12.232792894920408,7.020630580669263,0.13183984038532146
n2,60000,exclusive_guard15_mu2,6,6.001440858270257,-0.6974686877896374,0.12735488091212507
n2,60000,exclusive_guard15_mu2,7,6.8784316272854085,6.082590696763646,0.10080679133641576
n2,120000,uniform,0,12.116737099361785,11.110768126101789,0.09341111653032992
n2,120000,uniform,1,22.530857565328688,15.248804973964525,0.09490603188899428
n2,120000,uniform,2,15.017007270301974,10.116597412746842,0.11078817662559383
n2,120000,uniform,3,11.3146792672012,6.874842275735205,0.09699343310620433
n2,120000,uniform,4,17.617678207273002,14.657813457347402,0.10809946933593394
n2,120000,uniform,5,7.963869607721108,10.948050636386597,0.08501581454338586
n2,120000,uniform,6,11.900172907473916,6.826828228085446,0.08987343214025817
n2,120000,uniform,7,28.387881750802535,22.57886027349798,0.11204525909239144
n2,120000,guard15_equal_mu0,0,13.501045635763376,12.322310307126827,0.08834548709429765
n2,120000,guard15_equal_mu0,1,7.540301928116833,6.768630873537518,0.08865545954342098
n2,120000,guard15_equal_mu0,2,23.03220107549464,17.968926268196128,0.10629166345730043
n2,120000,guard15_equal_mu0,3,5.534849748755732,8.624629809730777,0.07538833876873799
n2,120000,guard15_equal_mu0,4,6.6846923401158165,4.412247784230772,0.07948219665943902
n2,120000,guard15_equal_mu0,5,7.841012889187482,6.341679334795458,0.08309789802693325
n2,120000,guard15_equal_mu0,6,7.817307042060406,4.9618475256067995,0.06594597880165563
n2,120000,guard15_equal_mu0,7,8.659439758076815,7.212975397010268,0.08954800292374154
n2,120000,guard15_equal,0,6.998964272725061,6.637712163069409,0.08153092015811969
n2,120000,guard15_equal,1,2.4382292590132693,1.5127941634318631,0.0744811045206085
n2,120000,guard15_equal,2,7.69775419054497,5.144558247963005,0.09346447814471645
n2,120000,guard15_equal,3,0.06308027366230817,3.167557041635405,0.06467760886246028
n2,120000,guard15_equal,4,2.344045228738878,0.7707827708571813,0.07544413444959089
n2,120000,guard15_equal,5,1.1878343101585642,0.2403721733941211,0.08091660026404136
n2,120000,guard15_equal,6,3.220453179949345,1.4670990687193353,0.05720376820969157
n2,120000,guard15_equal,7,2.112387197911403,1.9810635585173486,0.08705020140697868
n2,120000,exclusive_guard15_mu0,0,15.969229481825664,11.227131759895315,0.09534524973176366
n2,120000,exclusive_guard15_mu0,1,6.712716136831887,3.6722346739423983,0.08109540456649543
n2,120000,exclusive_guard15_mu0,2,9.26063661012222,10.320050453586305,0.07658161641773761
n2,120000,exclusive_guard15_mu0,3,11.757449949271859,13.816819438503103,0.08852909799337046
n2,120000,exclusive_guard15_mu0,4,9.773621984820124,4.1886480556740935,0.09062707857803019
n2,120000,exclusive_guard15_mu0,5,10.287649706896218,7.14662428619306,0.09726392893576437
n2,120000,exclusive_guard15_mu0,6,5.493833856306196,5.65931564183586,0.08842928665583041
n2,120000,exclusive_guard15_mu0,7,16.86024187380042,12.293801601103382,0.09954541389467413
n2,120000,exclusive_guard15_mu2,0,3.692888636976477,1.3298268187327267,0.08360062478743523
n2,120000,exclusive_guard15_mu2,1,0.4635319949954919,-2.9324659825107346,0.07743795416867308
n2,120000,exclusive_guard15_mu2,2,2.0013035820198866,3.074066625643468,0.0652492651555974
n2,120000,exclusive_guard15_mu2,3,0.6189484785181776,4.162789557284441,0.07417607188669892
n2,120000,exclusive_guard15_mu2,4,0.9457443963754031,-0.8717822601198577,0.07988012428612058
n2,120000,exclusive_guard15_mu2,5,2.6341998819532364,0.9209374197496345,0.08179768678861304
n2,120000,exclusive_guard15_mu2,6,1.0308165054055962,1.2670822929123915,0.0824443840597548
n2,120000,exclusive_guard15_mu2,7,8.672746598151093,4.49227101161398,0.09766770927771509
n2,240000,uniform,0,10.395608135283396,9.757278289924898,0.06894184414244607
n2,240000,uniform,1,12.555712194796342,6.715199115149062,0.06439201215842527
n2,240000,uniform,2,15.300659944855965,14.97810281746581,0.07968190908793721
n2,240000,uniform,3,5.63982177082778,7.228617828062056,0.08626633042127094
n2,240000,uniform,4,5.694942990601248,1.8713164459001064,0.060656723044629345
n2,240000,uniform,5,5.274167161871901,3.8163519266305457,0.06872412703984816
n2,240000,uniform,6,5.008059297963996,1.9623719002339612,0.06189978255039975
n2,240000,uniform,7,12.158792569323396,9.434061173578812,0.07003384813692304
n2,240000,guard15_equal_mu0,0,8.792197476523711,9.583498293380899,0.07314798810090857
n2,240000,guard15_equal_mu0,1,0.3530654989845061,0.9861940574609207,0.05812839460090776
n2,240000,guard15_equal_mu0,2,8.299973691293872,5.128545060756551,0.053067816498519646
n2,240000,guard15_equal_mu0,3,4.042631363716964,5.308664615597536,0.05254904625965257
n2,240000,guard15_equal_mu0,4,7.643748968007458,2.644975129740601,0.06464980556878565
n2,240000,guard15_equal_mu0,5,3.0546819819079474,1.552443678363602,0.06640389867761268
n2,240000,guard15_equal_mu0,6,6.745157544912672,4.582274603819769,0.056616300960589526
n2,240000,guard15_equal_mu0,7,6.695597951789978,7.981056267340136,0.058995010413819285
n2,240000,guard15_equal,0,5.352258797998388,6.166500624701143,0.0708066591039553
n2,240000,guard15_equal,1,-1.5760956229939893,-1.657118357741183,0.05261341597968814
n2,240000,guard15_equal,2,3.733832070736298,0.6925997758315816,0.05026587490379947
n2,240000,guard15_equal,3,-0.01873439833843804,1.6607271603135132,0.044284126116070376
n2,240000,guard15_equal,4,3.401123829547714,-1.5281130995532521,0.06183763125310975
n2,240000,guard15_equal,5,0.4998860986518139,-1.6628520841663885,0.06780323909748244
n2,240000,guard15_equal,6,1.4717502634766788,0.5365547607567578,0.04996750569378411
n2,240000,guard15_equal,7,2.401947520183967,4.798167672859677,0.05569701519373981
n2,240000,exclusive_guard15_mu0,0,8.634450798112425,6.449541239206269,0.05723856821623099
n2,240000,exclusive_guard15_mu0,1,9.939634218795845,6.149325920489446,0.06952217544433337
n2,240000,exclusive_guard15_mu0,2,5.912467007561872,6.499874453353982,0.05934224610405557
n2,240000,exclusive_guard15_mu0,3,10.93351856428626,8.073030497953937,0.06667512130150942
n2,240000,exclusive_guard15_mu0,4,3.7277227603738083,2.514001425936385,0.051714317030182685
n2,240000,exclusive_guard15_mu0,5,4.3088966957469665,5.71586460198148,0.06736120919841479
n2,240000,exclusive_guard15_mu0,6,6.400862485136827,7.908045517993401,0.062052532228777296
n2,240000,exclusive_guard15_mu0,7,5.45850060983355,4.342331237268127,0.051670085807629204
n2,240000,exclusive_guard15_mu2,0,3.859059959154365,1.6411067056907314,0.05284033981252575
n2,240000,exclusive_guard15_mu2,1,3.657386693873832,1.0561662715105058,0.06195191547579729
n2,240000,exclusive_guard15_mu2,2,0.7287095425283496,1.8129636236778879,0.05430184057846842
n2,240000,exclusive_guard15_mu2,3,2.6801153092179675,1.694719039278425,0.05480965468263298
n2,240000,exclusive_guard15_mu2,4,-0.10667326880309247,-0.6927526258948546,0.046495588460063166
n2,240000,exclusive_guard15_mu2,5,-0.00408539651175488,1.354240645909499,0.0599326601061619
n2,240000,exclusive_guard15_mu2,6,0.42024940970009084,2.283406489524964,0.04899453904112966
n2,240000,exclusive_guard15_mu2,7,1.1633402405806237,0.43508176314333014,0.05057628575477475
co_eq,30000,uniform,0,15.062674934185338,7.6400473536608615,0.16351291525984
co_eq,30000,uniform,1,27.71417592127534,25.1478246058241,0.17817745030151502
co_eq,30000,uniform,2,27.12753873278473,15.58722092647713,0.16798380312675754
co_eq,30000,uniform,3,25.60291203035092,17.320023196319312,0.14991225539207534
co_eq,30000,uniform,4,26.290419699634526,24.95173572131648,0.20340835122589596
co_eq,30000,uniform,5,14.523448164496244,11.661553429192395,0.13778179808031685
co_eq,30000,uniform,6,27.81680538871001,19.939406571538143,0.17815226816381835
co_eq,30000,uniform,7,22.539462313076797,15.852891288631099,0.14659953461147246
co_eq,30000,guard15_equal_mu0,0,30.443818686393342,27.61987420134915,0.18457458598899168
co_eq,30000,guard15_equal_mu0,1,18.61524751937793,10.926062998692032,0.16557928538741293
co_eq,30000,guard15_equal_mu0,2,38.569032647856716,24.162661491786253,0.1838687055422725
co_eq,30000,guard15_equal_mu0,3,29.653057553360895,21.26412303948655,0.16884315971977393
co_eq,30000,guard15_equal_mu0,4,21.13089835501114,14.318178583835106,0.17957061628612098
co_eq,30000,guard15_equal_mu0,5,23.071947298618056,8.945659374987258,0.18863648081236933
co_eq,30000,guard15_equal_mu0,6,30.667533338515796,16.77056453802095,0.17721419199181954
co_eq,30000,guard15_equal_mu0,7,21.98249126549001,15.630062132615308,0.15169952865147973
co_eq,30000,guard15_equal,0,19.650224627824286,16.85916938919263,0.1705379456089087
co_eq,30000,guard15_equal,1,11.012113949192326,1.6567287688218357,0.15762422366244982
co_eq,30000,guard15_equal,2,24.907619471704834,13.128494539969893,0.17145772514625904
co_eq,30000,guard15_equal,3,17.092082274331233,10.697983130910416,0.14984089417520394
co_eq,30000,guard15_equal,4,13.953303259910399,7.710974979929119,0.1675563395754993
co_eq,30000,guard15_equal,5,15.7926866633602,2.335729844759271,0.16822564256374173
co_eq,30000,guard15_equal,6,18.45930611303004,5.213867829326091,0.16924684601206386
co_eq,30000,guard15_equal,7,16.905312961085883,10.372482816563888,0.14231873825994526
co_eq,30000,exclusive_guard15_mu0,0,24.094208023598185,17.13210376550478,0.16748252669256394
co_eq,30000,exclusive_guard15_mu0,1,17.09451249554661,15.232774422727857,0.1295643161775262
co_eq,30000,exclusive_guard15_mu0,2,29.584641552290236,21.196523508862697,0.17100025347139533
co_eq,30000,exclusive_guard15_mu0,3,23.52840723932559,19.794659874435183,0.17597203761992586
co_eq,30000,exclusive_guard15_mu0,4,28.761380869610775,24.951614053890125,0.17891489876080868
co_eq,30000,exclusive_guard15_mu0,5,42.71061967131118,32.67340066517477,0.19159814445689505
co_eq,30000,exclusive_guard15_mu0,6,20.983441920975565,8.960876547035923,0.17268571001780667
co_eq,30000,exclusive_guard15_mu0,7,29.788212157001226,22.262990076939104,0.17479764729622915
co_eq,30000,exclusive_guard15_mu2,0,14.251602083717785,7.319561655023676,0.1600988075421043
co_eq,30000,exclusive_guard15_mu2,1,7.529840208633232,6.1066916797472,0.11458076082483772
co_eq,30000,exclusive_guard15_mu2,2,18.786777699418167,10.077925005205657,0.15318229178004888
co_eq,30000,exclusive_guard15_mu2,3,12.140079931313608,8.385523485898716,0.16155134524605355
co_eq,30000,exclusive_guard15_mu2,4,17.909108209465785,13.54943093986094,0.1588408239381953
co_eq,30000,exclusive_guard15_mu2,5,16.031087583257886,6.726751890894889,0.15395345542789338
co_eq,30000,exclusive_guard15_mu2,6,12.5946837909936,-0.7312042299929544,0.16658793740936284
co_eq,30000,exclusive_guard15_mu2,7,11.654168029195944,5.87233765855899,0.14273384656105612
co_eq,60000,uniform,0,19.965999683023483,14.742363011706061,0.15227245137022172
co_eq,60000,uniform,1,16.44092264385222,11.786009114970852,0.13411503614475564
co_eq,60000,uniform,2,18.899471601542928,13.312900763295943,0.11525175501740823
co_eq,60000,uniform,3,17.580020731514878,13.218701965541868,0.13049968342530982
co_eq,60000,uniform,4,13.693090237495653,16.952869498950918,0.10604443485272758
co_eq,60000,uniform,5,14.846791477111765,6.794842010961588,0.1295685812869007
co_eq,60000,uniform,6,22.069918919854103,15.651916205925431,0.1425967737298854
co_eq,60000,uniform,7,20.830489107851236,18.319169123614643,0.14523479057647876
co_eq,60000,guard15_equal_mu0,0,15.285273725879733,8.551538233461997,0.12797986943433723
co_eq,60000,guard15_equal_mu0,1,20.22686409722496,15.496575876184693,0.12959621762943227
co_eq,60000,guard15_equal_mu0,2,11.132985337766854,7.6554974683347154,0.09064067352634644
co_eq,60000,guard15_equal_mu0,3,18.69649963362008,14.184290508467257,0.11340482680161156
co_eq,60000,guard15_equal_mu0,4,12.77586967394484,9.853899404589583,0.10184164533997049
co_eq,60000,guard15_equal_mu0,5,15.320015514618035,7.735780678046922,0.14264862596142466
co_eq,60000,guard15_equal_mu0,6,9.7944970585786,10.935495544771356,0.09031322824146104
co_eq,60000,guard15_equal_mu0,7,16.897480129387077,9.530107040376379,0.11997865896428023
co_eq,60000,guard15_equal,0,7.821140523191161,0.38545880136098276,0.1233784776665684
co_eq,60000,guard15_equal,1,9.5331854780909,5.492037697706564,0.11458524505036936
co_eq,60000,guard15_equal,2,5.063321866742854,2.5580021171265344,0.08944326580283782
co_eq,60000,guard15_equal,3,10.607034823465256,7.310722780289325,0.09842474879024096
co_eq,60000,guard15_equal,4,5.5339675754026985,2.94134792622458,0.08855787944857894
co_eq,60000,guard15_equal,5,10.729389312587045,3.0855871286945558,0.13418507841545657
co_eq,60000,guard15_equal,6,4.160799437585183,5.634410723700967,0.08167204568075932
co_eq,60000,guard15_equal,7,11.235246419460054,4.568456247852737,0.10883805209597823
co_eq,60000,exclusive_guard15_mu0,0,22.03795145106824,13.012791512622357,0.13383947435237378
co_eq,60000,exclusive_guard15_mu0,1,23.336597879080045,14.570984263315268,0.12680260250568579
co_eq,60000,exclusive_guard15_mu0,2,22.63527470196891,17.18044300834265,0.1259003752305624
co_eq,60000,exclusive_guard15_mu0,3,12.477806500129418,8.289567568908751,0.11097176574689163
co_eq,60000,exclusive_guard15_mu0,4,24.502513053590746,23.741424132111888,0.1417491001151504
co_eq,60000,exclusive_guard15_mu0,5,13.645278675895156,10.304769631375166,0.09957060456612717
co_eq,60000,exclusive_guard15_mu0,6,19.029837310455378,11.98070857935818,0.11039942485725787
co_eq,60000,exclusive_guard15_mu0,7,18.79867613308761,12.854579438638325,0.11075283668697339
co_eq,60000,exclusive_guard15_mu2,0,11.517386053569112,2.050529229705944,0.12968792544342658
co_eq,60000,exclusive_guard15_mu2,1,12.722033428133273,5.324964150872802,0.11340037429946634
co_eq,60000,exclusive_guard15_mu2,2,10.38667670384541,6.341444072035074,0.10782134554170837
co_eq,60000,exclusive_guard15_mu2,3,4.572815662271523,-0.6195332705374312,0.10358452454938073
co_eq,60000,exclusive_guard15_mu2,4,12.709744250244626,11.854556975194441,0.1257337436284336
co_eq,60000,exclusive_guard15_mu2,5,6.4691127975322615,2.572560536691526,0.09308810111959866
co_eq,60000,exclusive_guard15_mu2,6,7.472091342549447,1.6058437117294488,0.10174702329311626
co_eq,60000,exclusive_guard15_mu2,7,6.344520620189087,2.1728120553063945,0.10508186441544165
co_eq,120000,uniform,0,14.178101811452848,7.919140072090158,0.09711710663137316
co_eq,120000,uniform,1,16.116343198476102,11.67418974361567,0.10112283255047105
co_eq,120000,uniform,2,8.569529940416487,6.684296859759797,0.09156875143610989
co_eq,120000,uniform,3,22.68658587297523,15.829479042679395,0.12184041656053504
co_eq,120000,uniform,4,17.614262257950486,16.250084248994767,0.08793396372624554
co_eq,120000,uniform,5,11.815154462226474,5.119705373843431,0.10771507179825343
co_eq,120000,uniform,6,10.015023127010636,7.947183454390938,0.09536880947883711
co_eq,120000,uniform,7,17.034249718605565,10.230007753435189,0.11126437932726166
co_eq,120000,guard15_equal_mu0,0,10.303543076702226,7.805476398644373,0.07045365891994954
co_eq,120000,guard15_equal_mu0,1,7.56723438630047,5.8543848532082166,0.08630613611505653
co_eq,120000,guard15_equal_mu0,2,13.504178326002148,10.18603961196618,0.10476989929174473
co_eq,120000,guard15_equal_mu0,3,11.17227529232423,8.254123140574166,0.07415640989699936
co_eq,120000,guard15_equal_mu0,4,7.624665029368316,2.064952897370631,0.08270024702471881
co_eq,120000,guard15_equal_mu0,5,9.928127097026618,7.626495374196907,0.07929312567977326
co_eq,120000,guard15_equal_mu0,6,5.37950934563014,5.473911562603462,0.07957185000340307
co_eq,120000,guard15_equal_mu0,7,9.894292245803626,5.5024005217774175,0.08953895873641209
co_eq,120000,guard15_equal,0,4.97795256625011,3.0208859940046295,0.06770962156028999
co_eq,120000,guard15_equal,1,3.628380316087032,1.5411581748594472,0.08284619246317274
co_eq,120000,guard15_equal,2,4.948380634118621,2.9067085346241583,0.09913343032666357
co_eq,120000,guard15_equal,3,5.41499691659908,3.5891595502306473,0.06388152120110956
co_eq,120000,guard15_equal,4,4.530828794159447,-1.0530119903648938,0.08022610857008153
co_eq,120000,guard15_equal,5,4.054670263712978,1.6893591420057419,0.0730851975445074
co_eq,120000,guard15_equal,6,1.708445142725168,1.1202611440239707,0.07455661961894526
co_eq,120000,guard15_equal,7,6.1681634322781065,1.6737933481891787,0.08317136620511932
co_eq,120000,exclusive_guard15_mu0,0,19.127063225525376,15.242480742500675,0.09106842601716168
co_eq,120000,exclusive_guard15_mu0,1,10.562676853524522,6.52345189001835,0.08253978659819541
co_eq,120000,exclusive_guard15_mu0,2,18.38527123864253,14.609078573698753,0.10612075013244188
co_eq,120000,exclusive_guard15_mu0,3,6.299605708790068,4.223232558274503,0.08142234901144448
co_eq,120000,exclusive_guard15_mu0,4,9.230352066822434,6.708234774691846,0.07983813623107483
co_eq,120000,exclusive_guard15_mu0,5,10.107813574364855,6.12632443089467,0.07330845171665294
co_eq,120000,exclusive_guard15_mu0,6,8.31925772003217,7.416807257044411,0.08599395311416863
co_eq,120000,exclusive_guard15_mu0,7,18.9948646198701,16.343410791691326,0.08450690165793816
co_eq,120000,exclusive_guard15_mu2,0,10.444402739324232,6.9160069907070465,0.08671207823180456
co_eq,120000,exclusive_guard15_mu2,1,4.809219230565986,1.5614169088422614,0.07695174220853077
co_eq,120000,exclusive_guard15_mu2,2,8.08056018455261,4.4791989790411435,0.0966482770268657
co_eq,120000,exclusive_guard15_mu2,3,2.5749199848945636,-0.21381572538814453,0.07603778393319907
co_eq,120000,exclusive_guard15_mu2,4,1.6217477998168306,-0.9788203442298027,0.07895402153387047
co_eq,120000,exclusive_guard15_mu2,5,4.1275330666508125,1.4455504401382768,0.06630868903697135
co_eq,120000,exclusive_guard15_mu2,6,4.491916412561636,3.0288086037444373,0.0866879836416108
co_eq,120000,exclusive_guard15_mu2,7,4.589373743428382,3.6223203925516145,0.0674981062201225
co_eq,240000,uniform,0,11.309029393942183,8.918479597483042,0.07730690178830947
co_eq,240000,uniform,1,6.292758006523513,6.448883057259991,0.08264210836130712
co_eq,240000,uniform,2,9.729718142395427,7.198880580119749,0.08548317888879381
co_eq,240000,uniform,3,7.07057036255776,4.547534532903796,0.06355516889896262
co_eq,240000,uniform,4,5.552985442548675,2.8688596690926715,0.07723437226635539
co_eq,240000,uniform,5,5.419955721578162,3.9199877908657754,0.06225504702914502
co_eq,240000,uniform,6,6.206485152233654,4.250495058613524,0.06644706405789566
co_eq,240000,uniform,7,8.755228820007233,8.394130472780148,0.07368040228238852
co_eq,240000,guard15_equal_mu0,0,8.148894585758626,8.473038241206154,0.06337792397193218
co_eq,240000,guard15_equal_mu0,1,8.517354850710035,2.982382917537052,0.07432538751098458
co_eq,240000,guard15_equal_mu0,2,9.03328302342743,5.362168738486162,0.06701849234962479
co_eq,240000,guard15_equal_mu0,3,10.585771749703099,9.114994658716569,0.06371203459712661
co_eq,240000,guard15_equal_mu0,4,6.547791493204613,3.10352635325728,0.07123032168041166
co_eq,240000,guard15_equal_mu0,5,4.670648583143588,3.353165568526606,0.05367884889487146
co_eq,240000,guard15_equal_mu0,6,3.528604002838165,2.553432702612213,0.05451213434715098
co_eq,240000,guard15_equal_mu0,7,4.702468953141192,4.771335539757615,0.05965522447879982
co_eq,240000,guard15_equal,0,2.7263722994632644,3.558497107874814,0.0568735789451343
co_eq,240000,guard15_equal,1,5.438378440089764,0.07062544268876536,0.07248184807890347
co_eq,240000,guard15_equal,2,3.081514965415977,0.21884832719365477,0.06352008056129173
co_eq,240000,guard15_equal,3,6.079960699253206,5.821979648047204,0.05790043852881214
co_eq,240000,guard15_equal,4,3.963258057154917,0.855754070599346,0.06886685649224335
co_eq,240000,guard15_equal,5,2.191045059191765,0.9992616476779403,0.051941311153479525
co_eq,240000,guard15_equal,6,0.8405944891762829,0.03114259962444521,0.04857994276874787
co_eq,240000,guard15_equal,7,1.9497330126654333,1.6341078325154967,0.05552995792582779
co_eq,240000,exclusive_guard15_mu0,0,11.062381115664266,6.672800403123347,0.06693299202413572
co_eq,240000,exclusive_guard15_mu0,1,4.9103772786338595,4.691250918511969,0.051989335081375265
co_eq,240000,exclusive_guard15_mu0,2,9.253810611497215,9.580112230111126,0.06339595549368392
co_eq,240000,exclusive_guard15_mu0,3,3.6881134670636584,4.933107139493131,0.057170785985662366
co_eq,240000,exclusive_guard15_mu0,4,3.7392741709965094,2.8751773760973265,0.06270628351353333
co_eq,240000,exclusive_guard15_mu0,5,4.404606817161039,4.000178275802568,0.0629892592770661
co_eq,240000,exclusive_guard15_mu0,6,4.8530391326551126,4.112623365031709,0.07292487925022886
co_eq,240000,exclusive_guard15_mu0,7,2.5287192536325165,0.3009387778547534,0.052176846215466054
co_eq,240000,exclusive_guard15_mu2,0,4.93899170169243,1.0223335044230453,0.058239727787571895
co_eq,240000,exclusive_guard15_mu2,1,1.7857806523835507,1.4489965592190401,0.04670466462942592
co_eq,240000,exclusive_guard15_mu2,2,3.002861516250732,4.116834301001404,0.054337577672564065
co_eq,240000,exclusive_guard15_mu2,3,0.12064972548841979,0.7637220747227502,0.05221817239394447
co_eq,240000,exclusive_guard15_mu2,4,1.3219894842535496,-0.6176558338069071,0.06146257719923019
co_eq,240000,exclusive_guard15_mu2,5,0.6210980723722059,0.8592218904510673,0.05570329738026442
co_eq,240000,exclusive_guard15_mu2,6,2.1264253523725074,1.0209164950936156,0.07007091981948366
co_eq,240000,exclusive_guard15_mu2,7,0.6418695254097884,-2.3462515040222343,0.0502200790326107
