system,budget,arm,metric,n_streams,rmse,ci95_low,ci95_high,bootstrap_se
n2,30000,uniform,h_error_meh,8,32.25398788395572,23.53560786046631,39.753628971675674,4.130803697466775
n2,30000,uniform,f_error_meh,8,22.782223415526953,16.13244491919681,28.952189352263037,3.306542499760476
n2,30000,uniform,d2_error,8,0.17537838639577796,0.15561148253482726,0.1960283332974796,0.010418213450780471
n2,30000,guard15_equal_mu0,h_error_meh,8,26.448692643287934,18.516529194831755,32.4965336366494,3.5741458387999074
n2,30000,guard15_equal_mu0,f_error_meh,8,20.11337011038501,12.764048390380902,25.910980177740118,3.344223418984461
n2,30000,guard15_equal_mu0,d2_error,8,0.15474155361683647,0.13798136148656287,0.16746339266759877,0.007616055253387136
n2,30000,guard15_equal,h_error_meh,8,11.786237132918961,8.000395281660385,14.943569527314452,1.7784856839864005
n2,30000,guard15_equal,f_error_meh,8,7.9834267077626695,2.7899560068749336,11.99245572666264,2.4308354353416393
n2,30000,guard15_equal,d2_error,8,0.13573014239708506,0.12060408027158534,0.14730614084099175,0.006862021886536254
n2,30000,exclusive_guard15_mu0,h_error_meh,8,32.64081308173958,25.615076781924138,38.56654891243785,3.2858501359648593
n2,30000,exclusive_guard15_mu0,f_error_meh,8,22.186937130791392,15.551071200747007,27.350879620847163,3.001043316655
n2,30000,exclusive_guard15_mu0,d2_error,8,0.18577069434375232,0.17943215423714695,0.19239636450513842,0.003332050211200438
n2,30000,exclusive_guard15_mu2,h_error_meh,8,13.459993159608816,11.576743185061696,15.1814559937654,0.9235807264232525
n2,30000,exclusive_guard15_mu2,f_error_meh,8,5.6528307673059865,3.4187747213841835,7.3789054061133,1.0122061123208765
n2,30000,exclusive_guard15_mu2,d2_error,8,0.15613182307274073,0.15180891011644432,0.16039422314567653,0.002197027023598773
n2,60000,uniform,h_error_meh,8,21.64560703007424,15.854538643195099,26.483176928958276,2.7180648477502745
n2,60000,uniform,f_error_meh,8,15.538379491113306,10.368015338686424,19.628832990293127,2.371099638852581
n2,60000,uniform,d2_error,8,0.1339452901024264,0.12340240309773072,0.1441139353475712,0.00532772473291583
n2,60000,guard15_equal_mu0,h_error_meh,8,16.07404943073771,11.80481307543468,19.74773231285108,2.0243708815774104
n2,60000,guard15_equal_mu0,f_error_meh,8,12.707493312487722,9.421332181347283,15.575746078295706,1.5760982924758467
n2,60000,guard15_equal_mu0,d2_error,8,0.11299149293697464,0.10237121316449765,0.1221902286532375,0.005068714497178838
n2,60000,guard15_equal,h_error_meh,8,5.101428623012914,3.524409933039756,6.446579357076045,0.7461352602237212
n2,60000,guard15_equal,f_error_meh,8,4.271090671639848,1.2811935052391994,6.6593820317838395,1.4750749654820734
n2,60000,guard15_equal,d2_error,8,0.10194988249829091,0.09080813569655682,0.11314673335014155,0.0057257483686218216
n2,60000,exclusive_guard15_mu0,h_error_meh,8,19.212228483554146,15.961197263246525,21.98101182890846,1.544061799613936
n2,60000,exclusive_guard15_mu0,f_error_meh,8,14.142923857336246,11.028557699769536,16.39358473510214,1.3612515080512322
n2,60000,exclusive_guard15_mu0,d2_error,8,0.1238450681365562,0.11463387558060482,0.13234185250109481,0.004509395992230048
n2,60000,exclusive_guard15_mu2,h_error_meh,8,8.109513959146378,6.403256309673441,9.738013449099265,0.8531593331929722
n2,60000,exclusive_guard15_mu2,f_error_meh,8,4.456946441192593,2.6717063285752696,5.727724230360497,0.7833185395847233
n2,60000,exclusive_guard15_mu2,d2_error,8,0.11495004752317241,0.1041863634550026,0.12484800668892455,0.005308982188392657
n2,120000,uniform,h_error_meh,8,17.063407796031118,12.257710304761805,21.653687730697214,2.4296590312415773
n2,120000,uniform,f_error_meh,8,13.213184911325532,9.604247664238867,16.835695218412713,1.8882163326051578
n2,120000,uniform,d2_error,8,0.09934730469987964,0.09266370131214163,0.10584924200180194,0.003382229523235523
n2,120000,guard15_equal_mu0,h_error_meh,8,11.415526792889704,7.181737959746424,15.872309761750518,2.4128663537031194
n2,120000,guard15_equal_mu0,f_error_meh,8,9.560674780279381,6.181303410360475,12.850674407538774,1.7673310823598094
n2,120000,guard15_equal_mu0,d2_error,8,0.0853203024854409,0.07762510458318905,0.0931524828395081,0.0039748313590406625
n2,120000,guard15_equal,h_error_meh,8,4.122027084006688,1.9553020705336845,5.776933348403167,0.9750590172914233
n2,120000,guard15_equal,f_error_meh,8,3.3462020164898583,1.5260271712939355,4.747338564775967,0.8192969154619718
n2,120000,guard15_equal,d2_error,8,0.07762316819013457,0.06984848962337536,0.08448766161546659,0.0037726103948154005
n2,120000,exclusive_guard15_mu0,h_error_meh,8,11.401114296358122,8.616141941348618,13.910374059150723,1.3560426488840744
n2,120000,exclusive_guard15_mu0,f_error_meh,8,9.27851118430946,6.659492325902911,11.405504467276232,1.220433103346907
n2,120000,exclusive_guard15_mu0,d2_error,8,0.08998047973200919,0.08476711721076752,0.09468235189559879,0.0025595075259555416
n2,120000,exclusive_guard15_mu2,h_error_meh,8,3.5768903978678876,1.2701043661552742,5.607115561608064,1.2296945405622288
n2,120000,exclusive_guard15_mu2,f_error_meh,8,2.750923141476536,1.7474250677637975,3.5909372965247663,0.48329190828245866
n2,120000,exclusive_guard15_mu2,d2_error,8,0.08074110722940946,0.07488712397527085,0.08694440312543426,0.003082203634219484
n2,240000,uniform,h_error_meh,8,9.777515476650205,6.783156969822479,12.17228151910066,1.3576091302322955
n2,240000,uniform,f_error_meh,8,8.122604565871562,5.005125932910658,10.904646690380552,1.5125378253273878
n2,240000,uniform,d2_error,8,0.07055933864165034,0.06493307240334331,0.07668942116067623,0.003028600600638774
n2,240000,guard15_equal_mu0,h_error_meh,8,6.331922949093508,4.63548657680506,7.626621684919474,0.7671501833943445
n2,240000,guard15_equal_mu0,f_error_meh,8,5.493181992229229,3.376896200696612,7.260377109549981,0.9898572598878493
n2,240000,guard15_equal_mu0,d2_error,8,0.06080915406074185,0.05624682619793318,0.06563509194696947,0.0024106513830109365
n2,240000,guard15_equal,h_error_meh,8,2.8466105877652153,1.6150935044697214,3.8710404485721464,0.5817763933576029
n2,240000,guard15_equal,f_error_meh,8,3.0087370914450244,1.2639333557484895,4.343352798762958,0.8004797403282314
n2,240000,guard15_equal,d2_error,8,0.05732536253491976,0.05114311287579066,0.06337452000603495,0.00313551929942206
n2,240000,exclusive_guard15_mu0,h_error_meh,8,7.340622763716942,5.483288450270548,8.964242343610987,0.893471890606272
n2,240000,exclusive_guard15_mu0,f_error_meh,8,6.196948004960677,5.043684907515706,7.152190803980903,0.538974181930535
n2,240000,exclusive_guard15_mu0,d2_error,8,0.061041868988777025,0.05649376052656638,0.06528606412494783,0.002264850383495594
n2,240000,exclusive_guard15_mu2,h_error_meh,8,2.1657626492589017,0.9848594946814914,3.0087285158333326,0.5202123384393421
n2,240000,exclusive_guard15_mu2,f_error_meh,8,1.4868062836224563,1.0901532161769387,1.8250269845517229,0.18781309142284505
n2,240000,exclusive_guard15_mu2,d2_error,8,0.053961929299173615,0.05054754151418626,0.057401953121652693,0.0017543472106045315
co_eq,30000,uniform,h_error_meh,8,23.90159754929227,20.27812374397259,26.688029486768762,1.6330907528324399
co_eq,30000,uniform,f_error_meh,8,18.170040954225662,14.14727366742341,21.659400358830478,1.9289594300583983
co_eq,30000,uniform,d2_error,8,0.166869842659363,0.15314343108274242,0.18081694302842452,0.007118666607781226
co_eq,30000,guard15_equal_mu0,h_error_meh,8,27.483596877998004,23.002117046351792,31.858758551982515,2.2768146553394484
co_eq,30000,guard15_equal_mu0,f_error_meh,8,18.468957670101624,14.060277346125355,22.430067096479238,2.150303207310606
co_eq,30000,guard15_equal_mu0,d2_error,8,0.17537350710961494,0.16699754431129452,0.18241589621542909,0.0039701649424780435
co_eq,30000,guard15_equal,h_error_meh,8,17.644283699581763,14.933979070167743,20.384702394574155,1.3986743965015906
co_eq,30000,guard15_equal,f_error_meh,8,9.832777718125875,6.333758800853765,12.792180931229591,1.6494600324008504
co_eq,30000,guard15_equal,d2_error,8,0.16242411449278005,0.15487553128170511,0.16862901515482515,0.003539678267781551
co_eq,30000,exclusive_guard15_mu0,h_error_meh,8,28.019293935914824,22.899724598840894,33.47515069146524,2.7540068377810205
co_eq,30000,exclusive_guard15_mu0,f_error_meh,8,21.30944554367416,16.711336149905616,25.71532500655019,2.3165846338239446
co_eq,30000,exclusive_guard15_mu0,d2_error,8,0.17107729078834222,0.15864680239076426,0.1801606750134952,0.005521289823765994
co_eq,30000,exclusive_guard15_mu2,h_error_meh,8,14.284208198192626,11.863358777625715,16.419962151621156,1.1688462052781223
co_eq,30000,exclusive_guard15_mu2,f_error_meh,8,8.113295582207204,5.848766386343996,10.262037873090415,1.1394866976132103
co_eq,30000,exclusive_guard15_mu2,d2_error,8,0.15222540697325054,0.14092553253638213,0.1603185826200035,0.005049227571530137
co_eq,60000,uniform,h_error_meh,8,18.248666976932615,16.29860336839481,20.01313848160701,0.9538353580161808
co_eq,60000,uniform,f_error_meh,8,14.240605617887082,11.971279207231877,16.146216625661587,1.062987853870795
co_eq,60000,uniform,d2_error,8,0.13273436841442232,0.122438514259216,0.1418370076198287,0.004975224648215153
co_eq,60000,guard15_equal_mu0,h_error_meh,8,15.393386623039055,12.963905605203417,17.53667040565387,1.1742052921720698
co_eq,60000,guard15_equal_mu0,f_error_meh,8,10.842180638289202,8.823668240973987,12.815770985827664,1.0263726776612696
co_eq,60000,guard15_equal_mu0,d2_error,8,0.11593215799552474,0.10325919246640579,0.12749914865300202,0.006223105653159832
co_eq,60000,guard15_equal,h_error_meh,8,8.510918624978826,6.619470512707463,10.035175161906588,0.8783667949674155
co_eq,60000,guard15_equal,f_error_meh,8,4.487355167660207,3.0993077470210686,5.686053922477558,0.6587674127527138
co_eq,60000,guard15_equal,d2_error,8,0.10630365352258032,0.09411439541695361,0.11815263643267072,0.0061668827620235235
co_eq,60000,exclusive_guard15_mu0,h_error_meh,8,20.00128473723979,17.022600266635553,22.402409664794654,1.3774358750077083
co_eq,60000,exclusive_guard15_mu0,f_error_meh,8,14.680565236816827,11.477028230244759,18.11608006017888,1.7429932041099025
co_eq,60000,exclusive_guard15_mu0,d2_error,8,0.12073673772585634,0.11139644178400053,0.12969939059885777,0.004712689651882964
co_eq,60000,exclusive_guard15_mu2,h_error_meh,8,9.505038941990442,7.34018328885986,11.301681016034197,1.0146996075566506
co_eq,60000,exclusive_guard15_mu2,f_error_meh,8,5.333925416253846,2.377321962919401,7.937873088321198,1.509378208401482
co_eq,60000,exclusive_guard15_mu2,d2_error,8,0.11062482938548034,0.10268738634391915,0.11884435048615762,0.004146154186264336
co_eq,120000,uniform,h_error_meh,8,15.367171066135855,12.258985503477387,18.268446204737316,1.5397039320373298
co_eq,120000,uniform,f_error_meh,8,10.910654893444898,7.975834134983445,13.489940880722791,1.409656272215048
co_eq,120000,uniform,d2_error,8,0.10228475791161161,0.09504854741514109,0.10984938897381209,0.003805476488550909
co_eq,120000,guard15_equal_mu0,h_error_meh,8,9.709196465004773,8.06654626383681,11.235110966104685,0.8143003092642102
co_eq,120000,guard15_equal_mu0,f_error_meh,8,6.979907029053473,5.420993649242727,8.319780395990415,0.7350356491044899
co_eq,120000,guard15_equal_mu0,d2_error,8,0.08393748208884111,0.07731143628682573,0.0915300998458623,0.003662816988433026
co_eq,120000,guard15_equal,h_error_meh,8,4.605534760200468,3.774401557927577,5.30140690174851,0.3888811629746094
co_eq,120000,guard15_equal,f_error_meh,8,2.2597366897705435,1.576729037728031,2.8497832186268237,0.32845205514252723
co_eq,120000,guard15_equal,d2_error,8,0.07874818291445711,0.07168888591612615,0.08631559085311517,0.003748810029337968
co_eq,120000,exclusive_guard15_mu0,h_error_meh,8,13.566964223901657,9.913964372597498,16.870856420652743,1.7752225691793722
co_eq,120000,exclusive_guard15_mu0,f_error_meh,8,10.670039156323083,7.3295447267420695,13.617534506694925,1.651983263087125
co_eq,120000,exclusive_guard15_mu0,d2_error,8,0.08608289653446212,0.08019266834796646,0.09315099734662484,0.003374966835303912
co_eq,120000,exclusive_guard15_mu2,h_error_meh,8,5.755932413285147,3.6453023724892284,7.675114851674658,1.0444218381926738
co_eq,120000,exclusive_guard15_mu2,f_error_meh,8,3.4590589045769997,1.8420663815824336,4.8520009801681665,0.7838471169957836
co_eq,120000,exclusive_guard15_mu2,d2_error,8,0.08005042925186612,0.07345269533521544,0.0866602047885568,0.003418801575779402
co_eq,240000,uniform,h_error_meh,8,7.806562836234814,6.325026269124118,9.241359480353578,0.751318907318245
co_eq,240000,uniform,f_error_meh,8,6.182193357443533,4.635293281359207,7.5003843405613715,0.7297475739263753
co_eq,240000,uniform,d2_error,8,0.07402496339715936,0.06826732725875186,0.07943459073445573,0.0028557122048521733
co_eq,240000,guard15_equal_mu0,h_error_meh,8,7.347290099338333,5.678826596508493,8.779590256070163,0.7948492594068536
co_eq,240000,guard15_equal_mu0,f_error_meh,8,5.507769769462352,3.5546669834446893,7.175282808945012,0.9197447966287293
co_eq,240000,guard15_equal_mu0,d2_error,8,0.06381342167702989,0.05898325180024702,0.06841647974459285,0.002429305006831115
co_eq,240000,guard15_equal,h_error_meh,8,3.682507185233705,2.409695237685597,4.750566901845387,0.597391539757063
co_eq,240000,guard15_equal,f_error_meh,8,2.525206634420413,0.705481782444739,3.852845992978629,0.8341529779763089
co_eq,240000,guard15_equal,d2_error,8,0.059957917005834444,0.05461511746791623,0.06529999298168043,0.0027555178992254683
co_eq,240000,exclusive_guard15_mu0,h_error_meh,8,6.215428536840407,3.9132284823974506,8.267797817003183,1.1273423944643575
co_eq,240000,exclusive_guard15_mu0,f_error_meh,8,5.290563569512839,3.513223359077552,6.98635606608409,0.9067745739503713
co_eq,240000,exclusive_guard15_mu0,d2_error,8,0.06165493532322455,0.0569549493295391,0.06621316216639789,0.002378966333067607
co_eq,240000,exclusive_guard15_mu2,h_error_meh,8,2.336704021926449,1.1506262090878252,3.3776947879597863,0.5925224343478102
co_eq,240000,exclusive_guard15_mu2,f_error_meh,8,1.8822619533543248,0.915547135561277,2.763993341204616,0.5051601047285672
co_eq,240000,exclusive_guard15_mu2,d2_error,8,0.056529856429809434,0.05189581872450318,0.06154811441611826,0.0024775194072712016
