system,arm,budget,stream,molecular_one_electron_error_mHa
n2,exclusive_guard15_mu0,120000,0,27.866930264498702
n2,exclusive_guard15_mu0,120000,1,0.2201720013932304
n2,exclusive_guard15_mu0,120000,2,38.16771444331139
n2,exclusive_guard15_mu0,120000,3,75.23478511085321
n2,exclusive_guard15_mu0,120000,4,0.25528767683531856
n2,exclusive_guard15_mu0,120000,5,39.57663851244644
n2,exclusive_guard15_mu0,120000,6,34.026996961389415
n2,exclusive_guard15_mu0,120000,7,44.39245473361461
n2,exclusive_guard15_mu0,240000,0,16.438461958971548
n2,exclusive_guard15_mu0,240000,1,9.017802516575788
n2,exclusive_guard15_mu0,240000,2,11.979501588853168
n2,exclusive_guard15_mu0,240000,3,25.606762785079894
n2,exclusive_guard15_mu0,240000,4,10.252856416152417
n2,exclusive_guard15_mu0,240000,5,36.02571293956129
n2,exclusive_guard15_mu0,240000,6,24.997109572756525
n2,exclusive_guard15_mu0,240000,7,23.675245908579708
n2,exclusive_guard15_mu0,30000,0,25.60016148926727
n2,exclusive_guard15_mu0,30000,1,63.49946153033015
n2,exclusive_guard15_mu0,30000,2,89.1753294478208
n2,exclusive_guard15_mu0,30000,3,69.32389723381338
n2,exclusive_guard15_mu0,30000,4,67.28990207526401
n2,exclusive_guard15_mu0,30000,5,42.01763114025259
n2,exclusive_guard15_mu0,30000,6,84.16793358144947
n2,exclusive_guard15_mu0,30000,7,75.8451181982395
n2,exclusive_guard15_mu0,60000,0,30.822608174168277
n2,exclusive_guard15_mu0,60000,1,35.93730491161895
n2,exclusive_guard15_mu0,60000,2,57.418174565221975
n2,exclusive_guard15_mu0,60000,3,91.92552080487378
n2,exclusive_guard15_mu0,60000,4,3.4440044073589666
n2,exclusive_guard15_mu0,60000,5,39.655718715931584
n2,exclusive_guard15_mu0,60000,6,66.19914677190434
n2,exclusive_guard15_mu0,60000,7,41.87645385047178
n2,exclusive_guard15_mu2,120000,0,2.6375551541850046
n2,exclusive_guard15_mu2,120000,1,-19.694007694350383
n2,exclusive_guard15_mu2,120000,2,15.662823864576257
n2,exclusive_guard15_mu2,120000,3,42.41143073861228
n2,exclusive_guard15_mu2,120000,4,-8.076532432162455
n2,exclusive_guard15_mu2,120000,5,18.019836878457784
n2,exclusive_guard15_mu2,120000,6,18.14971464121455
n2,exclusive_guard15_mu2,120000,7,19.878383509547763
n2,exclusive_guard15_mu2,240000,0,2.7611216830824534
n2,exclusive_guard15_mu2,240000,1,-5.657860940370234
n2,exclusive_guard15_mu2,240000,2,2.827161840770682
n2,exclusive_guard15_mu2,240000,3,9.046558811506456
n2,exclusive_guard15_mu2,240000,4,1.9908074912780849
n2,exclusive_guard15_mu2,240000,5,21.061351047746395
n2,exclusive_guard15_mu2,240000,6,9.661449561438786
n2,exclusive_guard15_mu2,240000,7,13.293052150541438
n2,exclusive_guard15_mu2,30000,0,-0.2200115589861898
n2,exclusive_guard15_mu2,30000,1,14.067120910507894
n2,exclusive_guard15_mu2,30000,2,40.13206825398898
n2,exclusive_guard15_mu2,30000,3,45.118510369741614
n2,exclusive_guard15_mu2,30000,4,10.975944577868317
n2,exclusive_guard15_mu2,30000,5,4.497878891943315
n2,exclusive_guard15_mu2,30000,6,15.237560464463423
n2,exclusive_guard15_mu2,30000,7,-6.245622655103922
n2,exclusive_guard15_mu2,60000,0,4.928476216399455
n2,exclusive_guard15_mu2,60000,1,4.214592497186004
n2,exclusive_guard15_mu2,60000,2,35.18067715717189
n2,exclusive_guard15_mu2,60000,3,52.18414541288126
n2,exclusive_guard15_mu2,60000,4,-6.250346865170217
n2,exclusive_guard15_mu2,60000,5,15.157308484382556
n2,exclusive_guard15_mu2,60000,6,11.748085486589996
n2,exclusive_guard15_mu2,60000,7,8.451729119319518
n2,guard15_equal,120000,0,23.390502631513982
n2,guard15_equal,120000,1,-4.119023843126193
n2,guard15_equal,120000,2,15.372823611608604
n2,guard15_equal,120000,3,20.29022214032184
n2,guard15_equal,120000,4,-7.998817687699194
n2,guard15_equal,120000,5,-1.6736188024219363
n2,guard15_equal,120000,6,4.155206208321307
n2,guard15_equal,120000,7,13.201362738514744
n2,guard15_equal,240000,0,27.80070815233631
n2,guard15_equal,240000,1,-3.733103204886453
n2,guard15_equal,240000,2,-5.309554727605348
n2,guard15_equal,240000,3,10.872084646552475
n2,guard15_equal,240000,4,-19.238333617606823
n2,guard15_equal,240000,5,-7.5408400368332655
n2,guard15_equal,240000,6,0.6357327294687267
n2,guard15_equal,240000,7,25.766495212339617
n2,guard15_equal,30000,0,65.8202808489881
n2,guard15_equal,30000,1,11.781196300359204
n2,guard15_equal,30000,2,30.254050170712212
n2,guard15_equal,30000,3,0.8225144910642344
n2,guard15_equal,30000,4,-5.100285290843762
n2,guard15_equal,30000,5,-18.82112421842101
n2,guard15_equal,30000,6,-30.02802090330596
n2,guard15_equal,30000,7,-4.371518681681897
n2,guard15_equal,60000,0,47.23663241004762
n2,guard15_equal,60000,1,-2.3608130162707694
n2,guard15_equal,60000,2,9.870190557162168
n2,guard15_equal,60000,3,12.243681938342327
n2,guard15_equal,60000,4,0.08931192537819585
n2,guard15_equal,60000,5,-1.2410757445645189
n2,guard15_equal,60000,6,3.724226634845493
n2,guard15_equal,60000,7,-21.015918213834752
n2,guard15_equal_mu0,120000,0,40.3597599608754
n2,guard15_equal_mu0,120000,1,10.402572242356532
n2,guard15_equal_mu0,120000,2,53.09225161886255
n2,guard15_equal_mu0,120000,3,37.946260239097256
n2,guard15_equal_mu0,120000,4,2.9699717701146997
n2,guard15_equal_mu0,120000,5,18.120326108392483
n2,guard15_equal_mu0,120000,6,12.128825534934357
n2,guard15_equal_mu0,120000,7,25.85607142671692
n2,guard15_equal_mu0,240000,0,36.415900476195276
n2,guard15_equal_mu0,240000,1,5.946364679626962
n2,guard15_equal_mu0,240000,2,7.303038331631422
n2,guard15_equal_mu0,240000,3,19.671255916122767
n2,guard15_equal_mu0,240000,4,-4.224802884508955
n2,guard15_equal_mu0,240000,5,3.5070169734668366
n2,guard15_equal_mu0,240000,6,12.207431188084533
n2,guard15_equal_mu0,240000,7,34.22902232360535
n2,guard15_equal_mu0,30000,0,117.60931979156459
n2,guard15_equal_mu0,30000,1,69.96062208124687
n2,guard15_equal_mu0,30000,2,93.45540653986038
n2,guard15_equal_mu0,30000,3,23.338840871383244
n2,guard15_equal_mu0,30000,4,5.799887167333581
n2,guard15_equal_mu0,30000,5,20.66356155307638
n2,guard15_equal_mu0,30000,6,-16.515914007546623
n2,guard15_equal_mu0,30000,7,62.401480563833985
n2,guard15_equal_mu0,60000,0,69.30826834742322
n2,guard15_equal_mu0,60000,1,33.50290305754715
n2,guard15_equal_mu0,60000,2,58.358255734270976
n2,guard15_equal_mu0,60000,3,23.073582771910377
n2,guard15_equal_mu0,60000,4,18.583628611292063
n2,guard15_equal_mu0,60000,5,18.6561380234105
n2,guard15_equal_mu0,60000,6,25.58327024080412
n2,guard15_equal_mu0,60000,7,18.995989753292807
n2,uniform,120000,0,55.143521064961035
n2,uniform,120000,1,28.788175379752417
n2,uniform,120000,2,35.132467309996976
n2,uniform,120000,3,32.42606453982062
n2,uniform,120000,4,17.146343458564292
n2,uniform,120000,5,61.44247014791057
n2,uniform,120000,6,11.013127902201033
n2,uniform,120000,7,50.87474357944682
n2,uniform,240000,0,37.14451729032882
n2,uniform,240000,1,6.129201856742428
n2,uniform,240000,2,45.8945283477905
n2,uniform,240000,3,39.42563786908157
n2,uniform,240000,4,-1.1092753278353213
n2,uniform,240000,5,16.48242572672613
n2,uniform,240000,6,14.70887037513796
n2,uniform,240000,7,24.871193204470565
n2,uniform,30000,0,75.14995125347946
n2,uniform,30000,1,54.691713809336576
n2,uniform,30000,2,27.057937470441356
n2,uniform,30000,3,71.26150541658622
n2,uniform,30000,4,-6.754261820851849
n2,uniform,30000,5,-12.753531371325899
n2,uniform,30000,6,48.08083410503182
n2,uniform,30000,7,79.62256249037813
n2,uniform,60000,0,74.01613725558961
n2,uniform,60000,1,47.985363760905436
n2,uniform,60000,2,29.858393443968318
n2,uniform,60000,3,-9.327647933254843
n2,uniform,60000,4,13.343863128888904
n2,uniform,60000,5,34.94468393289413
n2,uniform,60000,6,20.536306366200378
n2,uniform,60000,7,54.24239118218549
co_eq,exclusive_guard15_mu0,120000,0,80.27038005001144
co_eq,exclusive_guard15_mu0,120000,1,4.000711482632216
co_eq,exclusive_guard15_mu0,120000,2,90.54844092912518
co_eq,exclusive_guard15_mu0,120000,3,46.40415840037855
co_eq,exclusive_guard15_mu0,120000,4,15.347720563850038
co_eq,exclusive_guard15_mu0,120000,5,36.404296215598336
co_eq,exclusive_guard15_mu0,120000,6,40.652930226289755
co_eq,exclusive_guard15_mu0,120000,7,72.28445116638942
co_eq,exclusive_guard15_mu0,240000,0,19.775094806994748
co_eq,exclusive_guard15_mu0,240000,1,13.43725095076876
co_eq,exclusive_guard15_mu0,240000,2,48.79194243172098
co_eq,exclusive_guard15_mu0,240000,3,35.21141703740945
co_eq,exclusive_guard15_mu0,240000,4,7.982210636754402
co_eq,exclusive_guard15_mu0,240000,5,25.435796283103745
co_eq,exclusive_guard15_mu0,240000,6,10.594431765455013
co_eq,exclusive_guard15_mu0,240000,7,2.028462901374827
co_eq,exclusive_guard15_mu0,30000,0,77.56221892805614
co_eq,exclusive_guard15_mu0,30000,1,65.39520349677377
co_eq,exclusive_guard15_mu0,30000,2,135.77215857854495
co_eq,exclusive_guard15_mu0,30000,3,101.81468214956595
co_eq,exclusive_guard15_mu0,30000,4,96.82598763386535
co_eq,exclusive_guard15_mu0,30000,5,56.826613214262
co_eq,exclusive_guard15_mu0,30000,6,48.38598609976576
co_eq,exclusive_guard15_mu0,30000,7,50.54647677726579
co_eq,exclusive_guard15_mu0,60000,0,51.25236819830635
co_eq,exclusive_guard15_mu0,60000,1,28.200870322356714
co_eq,exclusive_guard15_mu0,60000,2,106.92346000977645
co_eq,exclusive_guard15_mu0,60000,3,61.6487267225901
co_eq,exclusive_guard15_mu0,60000,4,79.14622953501055
co_eq,exclusive_guard15_mu0,60000,5,44.51414365600792
co_eq,exclusive_guard15_mu0,60000,6,40.260877183334564
co_eq,exclusive_guard15_mu0,60000,7,52.306385564625884
co_eq,exclusive_guard15_mu2,120000,0,48.97589602899402
co_eq,exclusive_guard15_mu2,120000,1,-14.632290251651966
co_eq,exclusive_guard15_mu2,120000,2,43.67720606659294
co_eq,exclusive_guard15_mu2,120000,3,25.606583115501444
co_eq,exclusive_guard15_mu2,120000,4,-19.065028567288444
co_eq,exclusive_guard15_mu2,120000,5,16.77237180517382
co_eq,exclusive_guard15_mu2,120000,6,27.647068883813326
co_eq,exclusive_guard15_mu2,120000,7,19.84415145176912
co_eq,exclusive_guard15_mu2,240000,0,-1.2272210391469085
co_eq,exclusive_guard15_mu2,240000,1,0.005879255266513089
co_eq,exclusive_guard15_mu2,240000,2,26.6241021708494
co_eq,exclusive_guard15_mu2,240000,3,15.559087123835129
co_eq,exclusive_guard15_mu2,240000,4,-9.545343219309514
co_eq,exclusive_guard15_mu2,240000,5,11.41853540652923
co_eq,exclusive_guard15_mu2,240000,6,0.39827190456057787
co_eq,exclusive_guard15_mu2,240000,7,-10.734843334881145
co_eq,exclusive_guard15_mu2,30000,0,26.185839138878514
co_eq,exclusive_guard15_mu2,30000,1,25.379573823585353
co_eq,exclusive_guard15_mu2,30000,2,85.60195468918539
co_eq,exclusive_guard15_mu2,30000,3,53.02882566729335
co_eq,exclusive_guard15_mu2,30000,4,55.495631300761445
co_eq,exclusive_guard15_mu2,30000,5,-44.42151693985006
co_eq,exclusive_guard15_mu2,30000,6,-1.4333286513820986
co_eq,exclusive_guard15_mu2,30000,7,-15.830678057685747
co_eq,exclusive_guard15_mu2,60000,0,13.98537281227146
co_eq,exclusive_guard15_mu2,60000,1,-7.631924171059186
co_eq,exclusive_guard15_mu2,60000,2,65.26664504798005
co_eq,exclusive_guard15_mu2,60000,3,26.3458577205959
co_eq,exclusive_guard15_mu2,60000,4,30.381220785190678
co_eq,exclusive_guard15_mu2,60000,5,12.847945903786858
co_eq,exclusive_guard15_mu2,60000,6,9.637027557864549
co_eq,exclusive_guard15_mu2,60000,7,7.831284823447804
co_eq,guard15_equal,120000,0,-27.1279179833927
co_eq,guard15_equal,120000,1,19.86801376145033
co_eq,guard15_equal,120000,2,18.342350661463872
co_eq,guard15_equal,120000,3,2.4179219970801027
co_eq,guard15_equal,120000,4,5.910944118607719
co_eq,guard15_equal,120000,5,18.74673539080225
co_eq,guard15_equal,120000,6,25.05943241040868
co_eq,guard15_equal,120000,7,42.502290677665194
co_eq,guard15_equal,240000,0,26.28203042924614
co_eq,guard15_equal,240000,1,-7.166802742885614
co_eq,guard15_equal,240000,2,21.123544798579648
co_eq,guard15_equal,240000,3,15.181332758799195
co_eq,guard15_equal,240000,4,3.919204583343207
co_eq,guard15_equal,240000,5,11.931248187826187
co_eq,guard15_equal,240000,6,9.475860723368205
co_eq,guard15_equal,240000,7,22.053422918087485
co_eq,guard15_equal,30000,0,100.99224124705745
co_eq,guard15_equal,30000,1,20.86699877385373
co_eq,guard15_equal,30000,2,32.79734300438099
co_eq,guard15_equal,30000,3,20.271372148033088
co_eq,guard15_equal,30000,4,59.07391199158159
co_eq,guard15_equal,30000,5,6.91600481125032
co_eq,guard15_equal,30000,6,1.8506199478990417
co_eq,guard15_equal,30000,7,82.44455981383058
co_eq,guard15_equal,60000,0,-12.507671322913916
co_eq,guard15_equal,60000,1,45.897502758945336
co_eq,guard15_equal,60000,2,6.047230425086306
co_eq,guard15_equal,60000,3,9.984313899068676
co_eq,guard15_equal,60000,4,27.67412309109761
co_eq,guard15_equal,60000,5,47.56981204136683
co_eq,guard15_equal,60000,6,46.152549824311315
co_eq,guard15_equal,60000,7,32.55797359724803
co_eq,guard15_equal_mu0,120000,0,-8.973794267269984
co_eq,guard15_equal_mu0,120000,1,40.374876739818966
co_eq,guard15_equal_mu0,120000,2,46.77055358878294
co_eq,guard15_equal_mu0,120000,3,20.772431516414052
co_eq,guard15_equal_mu0,120000,4,19.447584453396303
co_eq,guard15_equal_mu0,120000,5,48.53682593011083
co_eq,guard15_equal_mu0,120000,6,47.249947194747485
co_eq,guard15_equal_mu0,120000,7,58.62490252420502
co_eq,guard15_equal_mu0,240000,0,47.74631718248314
co_eq,guard15_equal_mu0,240000,1,3.819423975333226
co_eq,guard15_equal_mu0,240000,2,37.56328349838817
co_eq,guard15_equal_mu0,240000,3,24.75834532303956
co_eq,guard15_equal_mu0,240000,4,14.084139086475336
co_eq,guard15_equal_mu0,240000,5,19.51758752254077
co_eq,guard15_equal_mu0,240000,6,17.889872082649187
co_eq,guard15_equal_mu0,240000,7,38.937876133434095
co_eq,guard15_equal_mu0,30000,0,143.97334460573092
co_eq,guard15_equal_mu0,30000,1,73.69265154505698
co_eq,guard15_equal_mu0,30000,2,64.17948293129018
co_eq,guard15_equal_mu0,30000,3,65.64852835763493
co_eq,guard15_equal_mu0,30000,4,77.48754883534875
co_eq,guard15_equal_mu0,30000,5,35.491658556475095
co_eq,guard15_equal_mu0,30000,6,51.024202964239734
co_eq,guard15_equal_mu0,30000,7,109.6324250621078
co_eq,guard15_equal_mu0,60000,0,10.579116674265524
co_eq,guard15_equal_mu0,60000,1,84.01553828672904
co_eq,guard15_equal_mu0,60000,2,27.146298737240684
co_eq,guard15_equal_mu0,60000,3,33.60886117216524
co_eq,guard15_equal_mu0,60000,4,49.79787914013231
co_eq,guard15_equal_mu0,60000,5,71.65664614205646
co_eq,guard15_equal_mu0,60000,6,68.12493298468813
co_eq,guard15_equal_mu0,60000,7,58.63095441849563
co_eq,uniform,120000,0,25.267968962809547
co_eq,uniform,120000,1,40.922015193307786
co_eq,uniform,120000,2,41.44656142989647
co_eq,uniform,120000,3,60.75387039438788
co_eq,uniform,120000,4,61.91687395275862
co_eq,uniform,120000,5,33.63756073676389
co_eq,uniform,120000,6,29.693176565471575
co_eq,uniform,120000,7,57.859465681689706
co_eq,uniform,240000,0,30.782648851635287
co_eq,uniform,240000,1,28.78383881578361
co_eq,uniform,240000,2,50.836992199598214
co_eq,uniform,240000,3,18.51888569605525
co_eq,uniform,240000,4,11.35937417468466
co_eq,uniform,240000,5,16.984932429554718
co_eq,uniform,240000,6,29.876637778448416
co_eq,uniform,240000,7,48.984109778858574
co_eq,uniform,30000,0,20.284839810945464
co_eq,uniform,30000,1,68.68649665154614
co_eq,uniform,30000,2,57.822286289230874
co_eq,uniform,30000,3,87.17509062484993
co_eq,uniform,30000,4,122.84878042075745
co_eq,uniform,30000,5,11.447265527982516
co_eq,uniform,30000,6,106.39835537508004
co_eq,uniform,30000,7,57.37213474545938
co_eq,uniform,60000,0,83.20557744804944
co_eq,uniform,60000,1,75.39650804513354
co_eq,uniform,60000,2,65.62366935306922
co_eq,uniform,60000,3,90.44064051329518
co_eq,uniform,60000,4,89.76388184661538
co_eq,uniform,60000,5,-11.023749208765434
co_eq,uniform,60000,6,86.32386336399043
co_eq,uniform,60000,7,68.08373276793411
