system,budget,streams,left,right,delta_joint_mse,delta_standard_error,left_wins
n2,30000,8,guard15_equal,uniform,-1356.6989504217313,400.0840591083162,8
n2,30000,8,guard15_equal_mu0,uniform,-455.268438436905,263.3046607846549,6
n2,30000,8,exclusive_guard15_mu2,uniform,-1346.2235266328303,434.40241875426585,8
n2,30000,8,exclusive_guard15_mu0,uniform,-1.6665802905959026,437.71146197108385,4
n2,30000,8,guard15_equal,guard15_equal_mu0,-901.4305119848264,267.2419344188452,8
n2,30000,8,exclusive_guard15_mu2,exclusive_guard15_mu0,-1344.5569463422344,332.30238287808686,8
n2,30000,8,guard15_equal,exclusive_guard15_mu2,-10.475423788901239,94.3172862303164,5
n2,30000,8,guard15_equal_mu0,exclusive_guard15_mu0,-453.60185814630916,465.67125471141554,6
n2,60000,8,guard15_equal,uniform,-665.7067513891856,187.70061911044448,8
n2,60000,8,guard15_equal_mu0,uniform,-290.11808952153046,194.41841759423016,7
n2,60000,8,exclusive_guard15_mu2,uniform,-624.3449526770006,204.37259828336937,7
n2,60000,8,exclusive_guard15_mu0,uniform,-140.8415223715499,242.58348285277262,4
n2,60000,8,guard15_equal,guard15_equal_mu0,-375.5886618676551,101.98312256193005,8
n2,60000,8,exclusive_guard15_mu2,exclusive_guard15_mu0,-483.5034303054507,87.12826107688188,8
n2,60000,8,guard15_equal,exclusive_guard15_mu2,-41.36179871218494,31.02032168149958,6
n2,60000,8,guard15_equal_mu0,exclusive_guard15_mu0,-149.27656714998056,174.67192670868,5
n2,120000,8,guard15_equal,uniform,-437.5599658980908,144.1627338899136,8
n2,120000,8,guard15_equal_mu0,uniform,-244.02738690108333,182.1428266154453,6
n2,120000,8,exclusive_guard15_mu2,uniform,-445.38641806586566,131.27119581046412,8
n2,120000,8,exclusive_guard15_mu0,uniform,-249.67196411855895,132.3943742226424,6
n2,120000,8,guard15_equal,guard15_equal_mu0,-193.53257899700742,84.36116836994813,8
n2,120000,8,exclusive_guard15_mu2,exclusive_guard15_mu0,-195.71445394730665,44.82287857504287,8
n2,120000,8,guard15_equal,exclusive_guard15_mu2,7.826452167774837,18.1987982649767,4
n2,120000,8,guard15_equal_mu0,exclusive_guard15_mu0,5.644577217475629,102.84203009389087,5
n2,240000,8,guard15_equal,uniform,-144.4208231058377,50.10793627470226,8
n2,240000,8,guard15_equal_mu0,uniform,-91.30821719664331,47.87111609382197,6
n2,240000,8,exclusive_guard15_mu2,uniform,-154.67539305170766,51.67034318114576,8
n2,240000,8,exclusive_guard15_mu0,uniform,-69.28960669426635,55.15207185536186,5
n2,240000,8,guard15_equal,guard15_equal_mu0,-53.11260590919442,12.961617354741232,7
n2,240000,8,exclusive_guard15_mu2,exclusive_guard15_mu0,-85.3857863574413,17.356682571181647,8
n2,240000,8,guard15_equal,exclusive_guard15_mu2,10.254569945869932,7.010352449106117,3
n2,240000,8,guard15_equal_mu0,exclusive_guard15_mu0,-22.01861050237695,28.607490779398816,4
co_eq,30000,8,guard15_equal,uniform,-493.43248876117246,192.5638841694605,7
co_eq,30000,8,guard15_equal_mu0,uniform,195.0137410857355,279.96157983799367,3
co_eq,30000,8,exclusive_guard15_mu2,uniform,-631.5725846329956,156.1068504313271,8
co_eq,30000,8,exclusive_guard15_mu0,uniform,337.73654835943586,369.08562961339754,3
co_eq,30000,8,guard15_equal,guard15_equal_mu0,-688.4462298469078,132.35277721245933,8
co_eq,30000,8,exclusive_guard15_mu2,exclusive_guard15_mu0,-969.3091329924314,251.3173776749825,8
co_eq,30000,8,guard15_equal,exclusive_guard15_mu2,138.140095871823,76.48887513881348,2
co_eq,30000,8,guard15_equal_mu0,exclusive_guard15_mu0,-142.72280727370043,377.1776501138535,4
co_eq,60000,8,guard15_equal,uniform,-443.2366025574498,64.92907319247465,8
co_eq,60000,8,guard15_equal_mu0,uniform,-181.29946207953714,93.235056392787,5
co_eq,60000,8,exclusive_guard15_mu2,uniform,-417.0121691642745,73.88235226732833,8
co_eq,60000,8,exclusive_guard15_mu0,uniform,79.761692013388,119.75664796061713,3
co_eq,60000,8,guard15_equal,guard15_equal_mu0,-261.9371404779127,46.107494471780605,8
co_eq,60000,8,exclusive_guard15_mu2,exclusive_guard15_mu0,-496.7738611776625,75.39440332498562,8
co_eq,60000,8,guard15_equal,exclusive_guard15_mu2,-26.22443339317534,47.19452383291799,5
co_eq,60000,8,guard15_equal_mu0,exclusive_guard15_mu0,-261.0611540929251,134.02056539786864,6
co_eq,120000,8,guard15_equal,uniform,-328.87497644522614,77.91631732070076,8
co_eq,120000,8,guard15_equal_mu0,uniform,-212.20473864944483,88.81609979254635,7
co_eq,120000,8,exclusive_guard15_mu2,uniform,-310.096490328096,89.75997517304027,8
co_eq,120000,8,exclusive_guard15_mu0,uniform,-57.280082929640756,139.29554412384272,5
co_eq,120000,8,guard15_equal,guard15_equal_mu0,-116.67023779578133,24.133163356361468,8
co_eq,120000,8,exclusive_guard15_mu2,exclusive_guard15_mu0,-252.81640739845528,74.61947029594974,8
co_eq,120000,8,guard15_equal,exclusive_guard15_mu2,-18.778486117130086,17.64011630225838,4
co_eq,120000,8,guard15_equal_mu0,exclusive_guard15_mu0,-154.9246557198041,78.53257878434104,6
co_eq,240000,8,guard15_equal,uniform,-79.22441030908274,23.616280532498436,7
co_eq,240000,8,guard15_equal_mu0,uniform,-14.84373838766304,23.909766991390484,5
co_eq,240000,8,exclusive_guard15_mu2,uniform,-90.15884227776901,18.46712353989619,8
co_eq,240000,8,exclusive_guard15_mu0,uniform,-32.540323245274976,17.33907522489081,7
co_eq,240000,8,guard15_equal,guard15_equal_mu0,-64.38067192141972,15.200336659718356,8
co_eq,240000,8,exclusive_guard15_mu2,exclusive_guard15_mu0,-57.618519032494035,19.932215704820205,8
co_eq,240000,8,guard15_equal,exclusive_guard15_mu2,10.934431968686255,9.561226025350548,3
co_eq,240000,8,guard15_equal_mu0,exclusive_guard15_mu0,17.696584857611935,23.767166105834207,4
