system,budget,arm,n,gamma_error_rms,gamma_error_mean,h_gamma_meh_rms,h_gamma_meh_mean,h_d2_meh_rms,h_d2_meh_mean,f_non_ontop_meh_rms,f_non_ontop_meh_mean,f_on_top_meh_rms,f_on_top_meh_mean,H_cross_second_moment,F_cross_second_moment
n2,30000,uniform,8,0.025801796642413968,0.024558849832463855,40.07203526556095,32.688479093556325,12.980714194594759,-2.773676897157729,17.831956048930323,15.657424852687285,6.180482102206686,5.338532881853597,-733.9472169075755,162.85268820807295
n2,30000,guard15_equal_mu0,8,0.019009429086931172,0.01781557572399948,44.44247198180938,33.2924681756563,21.584148818942953,-9.445944142567189,13.167807001484467,10.177125836932532,8.11297555448327,7.257013554859304,-1741.4754535528632,165.33614362124146
n2,30000,guard15_equal,8,0.016224157402423955,0.015516387676633218,19.5594845688864,5.555407481293661,15.555930660088551,5.029100753072226,6.977207365297804,3.836853921219685,3.789102888062757,1.4995887932525154,-485.6450295484857,0.6963786834604591
n2,30000,exclusive_guard15_mu0,8,0.02607860955032633,0.025567163846593,46.14443749346003,43.693262340204114,17.3789338783973,-12.452924670616731,14.143252603540791,10.499233189873891,10.138733310698292,9.681564171940327,-1365.9137756999821,189.434671892557
n2,30000,exclusive_guard15_mu2,8,0.0197737586626415,0.019563865419920456,13.551600694076823,9.742090417299995,9.988698827955872,3.4589432453240168,6.6559378277640935,1.585051567422724,4.60642452769907,2.6954697956478313,-102.24856979052001,-33.566159612678874
n2,60000,uniform,8,0.0171365759814333,0.01671225407407336,29.282355649808903,23.998271240050045,12.593873681476829,-3.816818168053185,10.734730856265806,8.640682378882047,5.408436561482009,5.135275747904178,-547.5297030063338,96.95560461370368
n2,60000,guard15_equal_mu0,8,0.01480184846742927,0.014280364448692757,26.859665545433785,23.975455840121867,14.15766479941425,-9.171321653452448,9.017307703174275,8.202323165450665,4.176096078310029,3.619511413277543,-663.5060406832732,62.728769617833905
n2,60000,guard15_equal,8,0.012130288099903913,0.01164349676981362,12.953232495597986,4.930319052034628,11.988702285542217,-0.31074985923200327,4.145260712858955,2.739267487115171,1.4352144053866882,-0.22739182876785335,-285.490640580609,-1.0008112416672574
n2,60000,exclusive_guard15_mu0,8,0.020077833566748707,0.01967081300469775,35.42636671319615,31.71942625946828,18.097344247353274,-13.128372584733807,10.232115998852983,9.046459766899773,4.967575111205581,4.442265027396086,-1213.431604000518,70.64929493479627
n2,60000,exclusive_guard15_mu2,8,0.015410808665161459,0.014964281836419721,14.789917134806236,10.516810865247201,10.113028499960189,-2.751969071415184,4.8378572390638,2.8254303818933124,2.4929616025026635,0.5180036696745827,-255.25077764181663,-9.755348637468837
n2,120000,uniform,8,0.016002587001217195,0.015563808250984015,27.665975510792823,25.501130911581228,15.381127933490339,-9.645020452143555,8.510498447358772,7.53378618152567,5.025725862207195,4.761534491454,-710.8254118563489,76.90175123624532
n2,120000,guard15_equal_mu0,8,0.010725249503673737,0.010335925339282081,20.82683138819776,17.75714931443564,10.869809290742372,-7.680793012233512,6.027075836215081,5.529629577335271,3.6029819370437624,3.0470263351891624,-421.59540773024037,42.09938028003644
n2,120000,guard15_equal,8,0.009129349789453714,0.008883919537255744,9.184746821457617,5.7456956312530245,6.961436792714815,-2.487852142159766,2.5745269035608738,2.2849990058535496,1.1239684789345208,0.330243392590468,-115.83006911192169,3.305574016335005
n2,120000,exclusive_guard15_mu0,8,0.012754348760057516,0.012101076994249824,26.447606786789287,21.9091644048457,17.77100242150639,-11.14474195485564,5.735074130241699,5.027062568855101,3.9776404807419357,3.5135156699839243,-885.2990246150732,37.378070723894275
n2,120000,exclusive_guard15_mu2,8,0.01008794643758036,0.009419846733494906,13.49218569530553,7.043577623494718,12.075347025652176,-4.536055114190493,2.205745765742442,0.8773682579423792,1.496173860742293,0.5529724274679904,-315.058935708156,0.46372752564731656
n2,240000,uniform,8,0.010262942478372667,0.00982513512438249,19.09782269768588,15.809162448926976,11.736845185227665,-6.805691940734391,5.144378969156039,4.241561638604452,3.1387929869824394,2.728850798510374,-406.8805577980713,29.660048540061574
n2,240000,guard15_equal_mu0,8,0.007603455639469836,0.007302319119702614,13.303282288255758,9.924968668212735,9.342885001660285,-4.221586858567895,3.0520405040238034,2.692507078251083,2.5601059746046317,2.028449385051978,-224.17357156198898,14.30595456028974
n2,240000,guard15_equal,8,0.0069917866472422536,0.0067175953528263305,10.320032852113274,2.5682950149921266,9.598104851780413,-0.6600489450824683,1.7338664200390497,0.8628898638942673,1.4667085870233467,0.2629184427305198,-190.52350297608893,3.894972043649446
n2,240000,exclusive_guard15_mu0,8,0.009257261248916359,0.008923530514190198,14.440970251147998,13.385267470292916,8.898492678698524,-6.470760827805033,3.7253480004066746,3.297383895707995,2.8735426095322922,2.6591179660604425,-233.8400511880892,16.26669972320132
n2,240000,exclusive_guard15_mu2,8,0.007131399946211044,0.006876107567378617,6.261148818327311,4.3377793850648345,6.107826191968567,-2.7880165738425697,1.3927700090969932,0.6017741825576906,1.1754507350368395,0.5963423065460383,-71.81699746360079,-1.1108998037268936
co_eq,30000,uniform,8,0.027426871797961033,0.026228676448279618,51.42500778063031,45.954048299062094,29.509224693597208,-22.619368651001245,10.384766210907879,9.307952862920743,8.829742033952765,7.9546350237069685,-2944.039401846936,144.3426746371167
co_eq,30000,guard15_equal_mu0,8,0.0329908272739808,0.03244445062026586,56.44675448663432,52.0510641326283,33.793676052776235,-25.2843107995499,9.671755202271203,7.611528326023631,10.342951705507158,9.843119969079828,-3572.9005358820295,140.58289874516785
co_eq,30000,guard15_equal,8,0.03016581669566166,0.02974059511313438,35.29633671546751,26.642176614984628,24.646991242254384,-9.420595449932915,6.077336579268123,3.803627167497936,6.033706921070015,4.693301744942424,-1541.9848155562122,23.34387854709926
co_eq,30000,exclusive_guard15_mu0,8,0.03241924960133383,0.03204819962818174,58.06681607985301,55.28055059137371,33.912567445355634,-28.21237260016904,13.439386679467635,11.366523616811008,9.68100915046906,8.909094247518512,-3736.73652772025,179.75341688743418
co_eq,30000,exclusive_guard15_mu2,8,0.02679510714439535,0.026359157079360658,30.093037280364964,16.163598692896066,24.72367701807706,-2.301430250896809,6.160450378965048,4.583591211241966,5.4424536535298405,2.579786049413224,-1312.8124942023123,-1.7458854381589113
co_eq,60000,uniform,8,0.021992499763734748,0.021747454046209293,51.290921755118426,46.73916421628558,35.12724117913917,-28.698326166011245,7.554989184478654,7.051604520450283,7.215342161093714,6.795741941429068,-3531.6678809123187,93.65582428519426
co_eq,60000,guard15_equal_mu0,8,0.01836266071518775,0.018129192500382002,37.5221377667711,34.13033195568456,24.401969874572064,-19.11414630931162,5.932355611258926,4.38535508404847,6.811348212301502,6.107543010236194,-1766.4106046218726,35.96557342575119
co_eq,60000,guard15_equal,8,0.015937152512735565,0.01568614734066665,21.6010246312641,16.784783608909056,16.049699558208022,-8.699272929342674,3.535276164491384,1.2119795086356078,4.178310971043729,2.785023419243915,-651.7613851881899,-9.820103729149226
co_eq,60000,exclusive_guard15_mu0,8,0.02116429392403367,0.02087169957060723,42.70182404172798,39.899769181705544,24.868809378698746,-20.341777218548042,8.451049019627982,7.376433336439447,7.093244974483245,6.615475180406616,-2041.852065264728,93.78464187256978
co_eq,60000,exclusive_guard15_mu2,8,0.01834070048179198,0.018159884480489108,18.45067489624419,13.159644272654598,13.510835328004134,-4.135346665362942,4.536363240395958,2.1124118424342697,2.963843349440507,1.8004853401984988,-432.6243100985895,-0.9121985026209827
co_eq,120000,uniform,8,0.01573980264091781,0.015462527669708164,31.384642775468965,29.829100082844878,16.826300825187374,-15.075443784208847,5.691778219906457,4.984218497831705,5.517176637696032,5.222542320779677,-1031.9702550277411,56.206812847908026
co_eq,120000,guard15_equal_mu0,8,0.013712706791708683,0.013318947667039071,26.855102027822372,23.195360529731097,19.50421509677555,-13.773632429834755,4.099526647297449,2.3155502317440124,4.802702224498961,4.280422813302875,-1007.3424154699524,8.847034745184857
co_eq,120000,guard15_equal,8,0.012458162450485722,0.012090212423513784,15.116740867198706,8.903271126977208,13.170487592534876,-4.47429386873747,3.0754365976251097,0.33857399703229873,2.6898749467922496,1.472465240172527,-380.7666474437474,-11.587327588266355
co_eq,120000,exclusive_guard15_mu0,8,0.014221076779097626,0.014091568460838273,37.85411628369583,32.81812508281712,25.231496552178484,-20.18976195687342,5.664751282049661,4.803855826201797,5.863338406696844,4.845271801155571,-1885.5000196295914,47.38159123866583
co_eq,120000,exclusive_guard15_mu2,8,0.011943599684618021,0.011672372988120032,18.9509193035425,12.266131001415024,14.489109257399164,-7.1736718561921045,2.315553448471791,1.204342963340821,3.0487680457112334,1.2782403173414725,-535.9408715759474,-2.6916858639296777
co_eq,240000,uniform,8,0.009041555627406049,0.0088741797156956,22.001087270721804,20.04217425457184,14.775922499717328,-12.500082874351527,2.9175648468336925,2.58776642270675,3.530611442156851,3.2306399221904147,-641.433303495526,17.24211291793151
co_eq,240000,guard15_equal_mu0,8,0.009734051754886109,0.009360079828524097,19.080484855092664,16.77197891463482,13.393769850340265,-9.805126759394724,2.3801182855393046,1.1358455823877733,4.035815688586536,3.8284100076331207,-489.4753013055094,8.382756508081865
co_eq,240000,guard15_equal,8,0.008721555560862047,0.008377908556416088,10.657906194975308,8.136130136149887,9.09776814253357,-4.852273008350414,2.0055682104421555,-0.20959180272051015,1.9998243081426252,1.85836888725599,-182.7994904669036,-1.6449325636388723
co_eq,240000,exclusive_guard15_mu0,8,0.009709923911919006,0.009613778756157326,17.21285568361541,14.191540260693857,12.349617143868231,-8.636500029780304,2.7945374651415964,2.4558225155626445,2.71321768817524,2.189951045196592,-410.1638924885292,12.819073015611483
co_eq,240000,exclusive_guard15_mu2,8,0.008805189281138126,0.008698490344285326,8.588731555905502,2.8972784091164367,8.28913245597931,-1.0773201553381,1.3079195364596867,0.6796690705748176,1.1965617650737794,0.10384561531506797,-137.01584092608175,0.40049648956703093
