system,bond_angstrom,budget,streams,guard15_equal_h_rmse_mHa,guard15_equal_f_rmse_mHa,guard15_equal_h_bias_mHa,guard15_equal_f_bias_mHa,guard15_equal_d2_mean,guard15_equal_d2_rms,uniform_h_rmse_mHa,uniform_f_rmse_mHa,uniform_h_bias_mHa,uniform_f_bias_mHa,uniform_d2_mean,uniform_d2_rms
n2_r080,0.8,120000,8,5.606456026986601,2.779214687622273,4.963664835841541,1.3617041493390047,0.07142983632987195,0.07217342259135921,12.511421799141555,9.656324107984704,12.358417864904325,8.991527321480675,0.08969429810725807,0.09015826553035107
n2_r090,0.9,120000,8,3.9923453329904945,1.8542869347167739,3.2997727628565343,-0.5437912027428382,0.07149859444929499,0.07190980018964954,16.78766422585384,12.710976247524638,16.24362006703528,12.100863290674724,0.101975020092999,0.10306939233079467
n2_r100,1.0,120000,8,5.1476935000993995,4.478709631962561,4.661467401115615,2.6021651670333767,0.07763951728949253,0.07799337523599399,18.591594439933655,15.55326704774175,17.925833064394325,14.969459876866154,0.10805487166854383,0.10873300199712631
n2_r110,1.1,120000,8,4.122027084006688,3.3462020164898583,3.257843489087975,2.6152423984484585,0.07684610200202593,0.07762316819013457,17.063407796031118,13.213184911325532,15.856110459433026,12.295320672983223,0.09889159165788647,0.09934730469987964
n2_r125,1.25,120000,8,4.914427856620258,3.6602321034555696,2.523426430354192,-0.435394820486934,0.08680929701742054,0.08734944546405211,16.370899727750267,14.46543602139236,15.200687320982453,13.762191836148574,0.11630233348592735,0.1169828795766711
n2_r145,1.45,120000,8,2.684059696690905,4.449428680585433,-1.6284971938986814,-2.9496569414302343,0.10979474582133428,0.11047160520132877,5.411911830565314,5.125663386927585,4.04745968599407,3.763580641113151,0.10809241745032236,0.10891991894264623
n2_r160,1.6,120000,8,4.785362150822029,3.100053295722319,-3.6193791307894685,-1.1150835270701265,0.10549760550880219,0.1069979438528386,5.7708039122100026,9.055770679431726,4.8371894957544015,8.355542717305653,0.13709164971311555,0.1375243574450495
n2_r180,1.8,120000,8,4.291993144299665,2.1935953889640976,-3.622650812138417,0.11239135317353544,0.12241228156246109,0.12277207295299995,5.373209478271542,5.846448057120492,3.971530911993426,5.182566080421225,0.1416767021742464,0.14184609107874857
n2_r200,2.0,120000,8,2.194984276198542,1.963513185098608,0.1720393207627069,1.6437300307838854,0.12347068370428102,0.12532692703723136,4.946621259027965,6.052668634839378,4.591776664021552,5.834906636126291,0.1536616916847724,0.15456672687321388
n2_r220,2.2,120000,8,3.9658471608236487,3.8200963104016368,3.034534659979826,3.18384937370908,0.12548800186812717,0.12630451442732826,8.781965644441243,8.59698716619393,8.355525989163226,8.280771706182577,0.15990932241518027,0.1602356548109757
n2_r250,2.5,120000,8,4.516860761283027,4.305247806726456,4.257777756091485,4.092328764423669,0.1251465698605196,0.12571182166584072,11.085731833804603,10.418731297376826,10.641432741550716,10.126201004357682,0.15803342931251643,0.158814502783348
