system,bond_angstrom,stream,budget,arm,lambda_radius,mu_ftpbe,h_error_mHa,f_error_mHa,d2_frobenius_error,reused
n2_r080,0.8,0,120000,guard15_equal,1.0,2.0,4.44385927856672,-1.055658972660467,0.07054829638732875,False
n2_r080,0.8,0,120000,uniform,1.0,0.0,13.095024854578696,9.887686361693682,0.11036255272417131,False
n2_r080,0.8,1,120000,guard15_equal,1.0,2.0,6.452125372319983,-0.36015285641610717,0.09008172417274199,False
n2_r080,0.8,1,120000,uniform,1.0,0.0,11.53870323722117,10.201076487874161,0.08903337795694462,False
n2_r080,0.8,2,120000,guard15_equal,1.0,2.0,5.258900904053121,0.7996839023576285,0.06417778921835664,False
n2_r080,0.8,2,120000,uniform,1.0,0.0,12.411715399423429,16.324498202621385,0.08014283855762702,False
n2_r080,0.8,3,120000,guard15_equal,1.0,2.0,10.89609264823821,5.589340900854722,0.08376824837599042,False
n2_r080,0.8,3,120000,uniform,1.0,0.0,14.966336290314075,9.005057535702576,0.07889967734954399,False
n2_r080,0.8,4,120000,guard15_equal,1.0,2.0,1.6790595591942292,1.0194004236012688,0.05767155834540622,False
n2_r080,0.8,4,120000,uniform,1.0,0.0,15.113888974838119,10.045789014611728,0.090065488818105,False
n2_r080,0.8,5,120000,guard15_equal,1.0,2.0,3.3393031623205616,1.3952233446445916,0.06369131861270061,False
n2_r080,0.8,5,120000,uniform,1.0,0.0,11.355401906456564,4.572779416221806,0.09430399294606023,False
n2_r080,0.8,6,120000,guard15_equal,1.0,2.0,3.297831855135769,-1.3725451388069132,0.07578242655815787,False
n2_r080,0.8,6,120000,uniform,1.0,0.0,8.701943085441144,4.53867474654146,0.08750788174507082,False
n2_r080,0.8,7,120000,guard15_equal,1.0,2.0,4.342145906903738,4.878341591137314,0.06571732896829308,False
n2_r080,0.8,7,120000,uniform,1.0,0.0,11.684329170961405,7.356656806578599,0.08723857476054153,False
n2_r090,0.9,0,120000,guard15_equal,1.0,2.0,3.537853609103081,1.9029036171787084,0.06661402512673043,False
n2_r090,0.9,0,120000,uniform,1.0,0.0,24.618777505153844,15.246409815119932,0.12604481254270944,False
n2_r090,0.9,1,120000,guard15_equal,1.0,2.0,4.202460404073349,-2.726681574557688,0.08329359374410039,False
n2_r090,0.9,1,120000,uniform,1.0,0.0,11.719013511736875,10.391257550296018,0.09222017414596138,False
n2_r090,0.9,2,120000,guard15_equal,1.0,2.0,1.9845091066912346,-2.518500307289173,0.06167311266842443,False
n2_r090,0.9,2,120000,uniform,1.0,0.0,18.927619225323156,17.693580916613882,0.07651377288902439,False
n2_r090,0.9,3,120000,guard15_equal,1.0,2.0,8.732337203198881,1.73542721489639,0.07888739679735791,False
n2_r090,0.9,3,120000,uniform,1.0,0.0,17.20053572809377,13.200316286230418,0.09537676268603722,False
n2_r090,0.9,4,120000,guard15_equal,1.0,2.0,1.0506515179287135,0.1204106721104381,0.0644504721232789,False
n2_r090,0.9,4,120000,uniform,1.0,0.0,13.09763589355839,10.551756867442919,0.10460902030056339,False
n2_r090,0.9,5,120000,guard15_equal,1.0,2.0,2.2782318207674734,-1.769333620842417,0.06984802058776542,False
n2_r090,0.9,5,120000,uniform,1.0,0.0,10.808563164133034,4.127062436964479,0.10624927122024792,False
n2_r090,0.9,6,120000,guard15_equal,1.0,2.0,2.6311689663742754,-1.8419955590616155,0.08055087336821297,False
n2_r090,0.9,6,120000,uniform,1.0,0.0,15.20753689297294,14.90132300622804,0.0942608600939495,False
n2_r090,0.9,7,120000,guard15_equal,1.0,2.0,1.9809694747152662,0.7474399356226513,0.0666712611784895,False
n2_r090,0.9,7,120000,uniform,1.0,0.0,18.369278615310236,10.695199446502102,0.12052548686549869,False
n2_r100,1.0,0,120000,guard15_equal,1.0,2.0,7.281125975907798,5.5023706279229145,0.08996062835532696,False
n2_r100,1.0,0,120000,uniform,1.0,0.0,25.55510527756155,17.476369956483495,0.13090748798967317,False
n2_r100,1.0,1,120000,guard15_equal,1.0,2.0,8.984270998922739,9.531086857620608,0.08099695860643265,False
n2_r100,1.0,1,120000,uniform,1.0,0.0,22.439502305275028,20.708608919420612,0.12044079288511725,False
n2_r100,1.0,2,120000,guard15_equal,1.0,2.0,2.9975739402914314,-1.9261325476804814,0.08335564106338535,False
n2_r100,1.0,2,120000,uniform,1.0,0.0,13.918270965191937,14.61793901731312,0.10886698258198942,False
n2_r100,1.0,3,120000,guard15_equal,1.0,2.0,3.10743999843055,-0.967203618614576,0.07121072113880725,False
n2_r100,1.0,3,120000,uniform,1.0,0.0,14.149999879180086,7.782058321282648,0.10081337432946137,False
n2_r100,1.0,4,120000,guard15_equal,1.0,2.0,4.625525864511815,1.3137168170231917,0.07348675310528599,False
n2_r100,1.0,4,120000,uniform,1.0,0.0,10.447652183941614,9.883354492927765,0.08754285265234339,False
n2_r100,1.0,5,120000,guard15_equal,1.0,2.0,3.3152217043834753,2.308449301068549,0.06538368244659518,False
n2_r100,1.0,5,120000,uniform,1.0,0.0,22.69328673745008,17.916201427851774,0.10465760081457387,False
n2_r100,1.0,6,120000,guard15_equal,1.0,2.0,2.29321160114182,-0.19975982263531478,0.08254406624504705,False
n2_r100,1.0,6,120000,uniform,1.0,0.0,15.429962904605077,12.859536825118312,0.1043714829838406,False
n2_r100,1.0,7,120000,guard15_equal,1.0,2.0,4.6873691253352945,5.254793721562123,0.07417768735505977,False
n2_r100,1.0,7,120000,uniform,1.0,0.0,18.77288426194923,18.511610054531502,0.10683839911135148,False
n2_r110,1.1,0,120000,guard15_equal,1.0,2.0,6.998964272725061,6.637712163069409,0.08153092015811969,True
n2_r110,1.1,0,120000,uniform,1.0,0.0,12.116737099361785,11.110768126101789,0.09341111653032992,True
n2_r110,1.1,1,120000,guard15_equal,1.0,2.0,2.4382292590132693,1.5127941634318631,0.0744811045206085,True
n2_r110,1.1,1,120000,uniform,1.0,0.0,22.530857565328688,15.248804973964525,0.09490603188899428,True
n2_r110,1.1,2,120000,guard15_equal,1.0,2.0,7.69775419054497,5.144558247963005,0.09346447814471645,True
n2_r110,1.1,2,120000,uniform,1.0,0.0,15.017007270301974,10.116597412746842,0.11078817662559383,True
n2_r110,1.1,3,120000,guard15_equal,1.0,2.0,0.06308027366230817,3.167557041635405,0.06467760886246028,True
n2_r110,1.1,3,120000,uniform,1.0,0.0,11.3146792672012,6.874842275735205,0.09699343310620433,True
n2_r110,1.1,4,120000,guard15_equal,1.0,2.0,2.344045228738878,0.7707827708571813,0.07544413444959089,True
n2_r110,1.1,4,120000,uniform,1.0,0.0,17.617678207273002,14.657813457347402,0.10809946933593394,True
n2_r110,1.1,5,120000,guard15_equal,1.0,2.0,1.1878343101585642,0.2403721733941211,0.08091660026404136,True
n2_r110,1.1,5,120000,uniform,1.0,0.0,7.963869607721108,10.948050636386597,0.08501581454338586,True
n2_r110,1.1,6,120000,guard15_equal,1.0,2.0,3.220453179949345,1.4670990687193353,0.05720376820969157,True
n2_r110,1.1,6,120000,uniform,1.0,0.0,11.900172907473916,6.826828228085446,0.08987343214025817,True
n2_r110,1.1,7,120000,guard15_equal,1.0,2.0,2.112387197911403,1.9810635585173486,0.08705020140697868,True
n2_r110,1.1,7,120000,uniform,1.0,0.0,28.387881750802535,22.57886027349798,0.11204525909239144,True
n2_r125,1.25,0,120000,guard15_equal,1.0,2.0,0.5785410239269595,-5.583057770849109,0.08549773795997169,False
n2_r125,1.25,0,120000,uniform,1.0,0.0,4.496577613551267,7.963985079044278,0.09874460249344431,False
n2_r125,1.25,1,120000,guard15_equal,1.0,2.0,11.64795231633775,6.2327625949478715,0.09644327377389589,False
n2_r125,1.25,1,120000,uniform,1.0,0.0,20.413103955760903,17.45810796749936,0.11820346926313934,False
n2_r125,1.25,2,120000,guard15_equal,1.0,2.0,5.071566192171417,2.42087477694497,0.09399558690683524,False
n2_r125,1.25,2,120000,uniform,1.0,0.0,23.57961271188458,23.491132250569535,0.11570087007440413,False
n2_r125,1.25,3,120000,guard15_equal,1.0,2.0,-1.8088110755769549,-3.3298379838555547,0.06725542401213074,False
n2_r125,1.25,3,120000,uniform,1.0,0.0,13.379691042615605,12.117377719576439,0.10559294758580483,False
n2_r125,1.25,4,120000,guard15_equal,1.0,2.0,1.1766557533263722,1.3940449456839588,0.08421219547081552,False
n2_r125,1.25,4,120000,uniform,1.0,0.0,8.300549762211062,10.348098452212184,0.10599663823154416,False
n2_r125,1.25,5,120000,guard15_equal,1.0,2.0,-1.8029599174269606,-2.9320608283711636,0.08610340079082443,False
n2_r125,1.25,5,120000,uniform,1.0,0.0,19.725443549660326,12.572510681962967,0.13326621697536853,False
n2_r125,1.25,6,120000,guard15_equal,1.0,2.0,0.49421987664288736,-2.8740290677831126,0.08074168447070805,False
n2_r125,1.25,6,120000,uniform,1.0,0.0,18.237673135175214,12.799548960003904,0.13747821690292047,False
n2_r125,1.25,7,120000,guard15_equal,1.0,2.0,4.8302472734320645,1.1881447693866676,0.10022507275418278,False
n2_r125,1.25,7,120000,uniform,1.0,0.0,13.47284679700067,13.346773578319926,0.115435706360793,False
n2_r145,1.45,0,120000,guard15_equal,1.0,2.0,1.9989741517463244,-2.8330397858269407,0.11156933719448991,False
n2_r145,1.45,0,120000,uniform,1.0,0.0,-2.092619716449917,3.161863749028271,0.08565797391471239,False
n2_r145,1.45,1,120000,guard15_equal,1.0,2.0,-4.629365777589101,3.1047308340959034,0.1071630920526172,False
n2_r145,1.45,1,120000,uniform,1.0,0.0,4.315837644128351,0.057434408006429294,0.104553849450605,False
n2_r145,1.45,2,120000,guard15_equal,1.0,2.0,-2.643662746450559,-4.8592852742075365,0.10711623910380437,False
n2_r145,1.45,2,120000,uniform,1.0,0.0,4.165822628976912,4.856247639594358,0.10306966967658827,False
n2_r145,1.45,3,120000,guard15_equal,1.0,2.0,-1.264028059651423,-4.662901750933202,0.10724988723832087,False
n2_r145,1.45,3,120000,uniform,1.0,0.0,5.245286003699334,7.832772761062756,0.1216928357587286,False
n2_r145,1.45,4,120000,guard15_equal,1.0,2.0,-3.702533854010426,-4.647476446862697,0.09635291358634394,False
n2_r145,1.45,4,120000,uniform,1.0,0.0,6.835072629399974,5.087728961200355,0.10458775232174829,False
n2_r145,1.45,5,120000,guard15_equal,1.0,2.0,1.255929775027198,-7.860230064039797,0.14009337039969724,False
n2_r145,1.45,5,120000,uniform,1.0,0.0,2.6321435004632576,-0.3554709211215368,0.11566695627657506,False
n2_r145,1.45,6,120000,guard15_equal,1.0,2.0,-1.7392016579549363,1.3482078697109046,0.10687989769183066,False
n2_r145,1.45,6,120000,uniform,1.0,0.0,10.598560442289795,9.446238818270558,0.09813951375886636,False
n2_r145,1.45,7,120000,guard15_equal,1.0,2.0,-2.304089382306529,-3.187260913378509,0.10193322930356995,False
n2_r145,1.45,7,120000,uniform,1.0,0.0,0.6795743554448563,0.021829712864018802,0.13137078844475492,False
n2_r160,1.6,0,120000,guard15_equal,1.0,2.0,-4.514781420567715,-2.738948048673251,0.09946617374809258,False
n2_r160,1.6,0,120000,uniform,1.0,0.0,3.6850034465487624,8.889222421629484,0.15402744494796483,False
n2_r160,1.6,1,120000,guard15_equal,1.0,2.0,-1.4450431129660046,3.0637310486838487,0.10205817176110463,False
n2_r160,1.6,1,120000,uniform,1.0,0.0,5.694724144220231,10.243690755245893,0.14017371051223082,False
n2_r160,1.6,2,120000,guard15_equal,1.0,2.0,-6.601124451606211,-3.3445885027276745,0.08776333328668741,False
n2_r160,1.6,2,120000,uniform,1.0,0.0,0.6200497682158357,3.560045973671322,0.11486878876506428,False
n2_r160,1.6,3,120000,guard15_equal,1.0,2.0,-0.5573246222212447,1.5725807515423185,0.11505383041729286,False
n2_r160,1.6,3,120000,uniform,1.0,0.0,7.5418763269397004,10.553954022427092,0.12660548316313128,False
n2_r160,1.6,4,120000,guard15_equal,1.0,2.0,-5.181136181562351,0.6598157352613043,0.10138944546625646,False
n2_r160,1.6,4,120000,uniform,1.0,0.0,7.228261430057614,10.471838559055868,0.1406215747706676,False
n2_r160,1.6,5,120000,guard15_equal,1.0,2.0,-6.4872770345800745,-6.694603941554078,0.09192492247007518,False
n2_r160,1.6,5,120000,uniform,1.0,0.0,3.3215093735492474,9.485402457443115,0.14155557034264007,False
n2_r160,1.6,6,120000,guard15_equal,1.0,2.0,-6.512727114142081,-0.8728422051120788,0.0979504078227984,False
n2_r160,1.6,6,120000,uniform,1.0,0.0,9.973118146461957,12.08245501365468,0.14132085337736314,False
n2_r160,1.6,7,120000,guard15_equal,1.0,2.0,2.3443808913299335,-0.565813053981401,0.14837455909811004,False
n2_r160,1.6,7,120000,uniform,1.0,0.0,0.6329733300418638,1.5577325353177685,0.13755977182586226,False
n2_r180,1.8,0,120000,guard15_equal,1.0,2.0,1.6403539449214577,4.503032569374454,0.12062508682144132,False
n2_r180,1.8,0,120000,uniform,1.0,0.0,8.0194646742342,7.702612462551883,0.14592927854710894,False
n2_r180,1.8,1,120000,guard15_equal,1.0,2.0,-3.161322957765833,1.383950399528544,0.11021605047698749,False
n2_r180,1.8,1,120000,uniform,1.0,0.0,4.8146546379257416,5.218321220937128,0.14885395912624555,False
n2_r180,1.8,2,120000,guard15_equal,1.0,2.0,-4.264243630686337,-0.5677248180688821,0.120801283832256,False
n2_r180,1.8,2,120000,uniform,1.0,0.0,0.726423430990053,2.2895866752179472,0.13776567080229632,False
n2_r180,1.8,3,120000,guard15_equal,1.0,2.0,-5.354501217112784,-3.1741279789372356,0.13723312841556867,False
n2_r180,1.8,3,120000,uniform,1.0,0.0,1.9262962527051286,3.0615262799358334,0.1374890406095319,False
n2_r180,1.8,4,120000,guard15_equal,1.0,2.0,-3.341209603348716,0.2908335595890321,0.10975623825142444,False
n2_r180,1.8,4,120000,uniform,1.0,0.0,6.58711712775073,8.578688786968769,0.13628717651193814,False
n2_r180,1.8,5,120000,guard15_equal,1.0,2.0,-4.69734214898665,0.6972935061355656,0.13549141820785351,False
n2_r180,1.8,5,120000,uniform,1.0,0.0,1.2566436411844961,1.769241720992909,0.13373667754776397,False
n2_r180,1.8,6,120000,guard15_equal,1.0,2.0,-3.0913695602237112,-2.3083654584752367,0.12225125032400883,False
n2_r180,1.8,6,120000,uniform,1.0,0.0,9.635620519162558,8.980292810448987,0.15503353076003704,False
n2_r180,1.8,7,120000,guard15_equal,1.0,2.0,-6.711571323904764,0.0742390462420417,0.12292379617014852,False
n2_r180,1.8,7,120000,uniform,1.0,0.0,-1.1939729880054983,3.8602586863163424,0.13831828348904948,False
n2_r200,2.0,0,120000,guard15_equal,1.0,2.0,2.2942411478368285,2.9950417441000354,0.12271425264557877,False
n2_r200,2.0,0,120000,uniform,1.0,0.0,7.617881916786473,8.208333745415075,0.14462024841873702,False
n2_r200,2.0,1,120000,guard15_equal,1.0,2.0,1.0112232851611225,1.664566653673205,0.10272260162414777,False
n2_r200,2.0,1,120000,uniform,1.0,0.0,3.516823111993972,5.386041754945836,0.17888198242044914,False
n2_r200,2.0,2,120000,guard15_equal,1.0,2.0,-1.5643905363731392,0.9115402001782513,0.12360625646002138,False
n2_r200,2.0,2,120000,uniform,1.0,0.0,2.629933327710887,4.6072640862178105,0.13885683400354693,False
n2_r200,2.0,3,120000,guard15_equal,1.0,2.0,-3.53866839748207,-0.10357735297361614,0.13458933078544302,False
n2_r200,2.0,3,120000,uniform,1.0,0.0,3.2711420335260755,3.997976889550614,0.12996143723645984,False
n2_r200,2.0,4,120000,guard15_equal,1.0,2.0,2.6793538615379475,1.698257071453213,0.10261942420632197,False
n2_r200,2.0,4,120000,uniform,1.0,0.0,5.241056924290888,8.148271266165352,0.1737727782371314,False
n2_r200,2.0,5,120000,guard15_equal,1.0,2.0,-2.413180028824513,0.4803781239388627,0.12906320837618543,False
n2_r200,2.0,5,120000,uniform,1.0,0.0,3.756173972817578,6.785003120526767,0.16842218511253565,False
n2_r200,2.0,6,120000,guard15_equal,1.0,2.0,1.2832745861004469,2.76837693023424,0.17049272500493792,False
n2_r200,2.0,6,120000,uniform,1.0,0.0,7.460106030663383,5.634686407418599,0.1433925700131473,False
n2_r200,2.0,7,120000,guard15_equal,1.0,2.0,1.6244606481450319,2.7352568756668916,0.10195767053161187,False
n2_r200,2.0,7,120000,uniform,1.0,0.0,3.2410959943831585,3.911675818770277,0.15138549803617177,False
n2_r220,2.2,0,120000,guard15_equal,1.0,2.0,2.497705010924278,3.543958515678014,0.10532148543220769,False
n2_r220,2.2,0,120000,uniform,1.0,0.0,6.345948869054041,6.348632111055963,0.16480657613482175,False
n2_r220,2.2,1,120000,guard15_equal,1.0,2.0,2.0346518070226693,0.5697941072213553,0.12312945886507169,False
n2_r220,2.2,1,120000,uniform,1.0,0.0,6.048734663167465,5.551832427457271,0.1510373048813717,False
n2_r220,2.2,2,120000,guard15_equal,1.0,2.0,2.4429105775851667,3.209376202249814,0.1541222293879234,False
n2_r220,2.2,2,120000,uniform,1.0,0.0,10.408026070038545,10.19898315828982,0.16830445407542538,False
n2_r220,2.2,3,120000,guard15_equal,1.0,2.0,0.7050695122501338,0.4086461159005239,0.10929163934222733,False
n2_r220,2.2,3,120000,uniform,1.0,0.0,6.482955758954745,8.042370391919462,0.1489155166765197,False
n2_r220,2.2,4,120000,guard15_equal,1.0,2.0,9.308639630532412,5.777287144823617,0.12563951682979652,False
n2_r220,2.2,4,120000,uniform,1.0,0.0,7.892422833705837,7.487845484973832,0.16040563389576537,False
n2_r220,2.2,5,120000,guard15_equal,1.0,2.0,3.9362957125916864,6.570313484715484,0.12819737001545076,False
n2_r220,2.2,5,120000,uniform,1.0,0.0,13.975046436414118,12.185515728447172,0.14774494767834573,False
n2_r220,2.2,6,120000,guard15_equal,1.0,2.0,2.456675721717261,1.6200879573773364,0.1367421109994844,False
n2_r220,2.2,6,120000,uniform,1.0,0.0,9.97535272036032,10.654261565903766,0.15837274897912512,False
n2_r220,2.2,7,120000,guard15_equal,1.0,2.0,0.8943293072150027,3.7713314617064952,0.12146020407285556,False
n2_r220,2.2,7,120000,uniform,1.0,0.0,5.715720561610738,5.77673278141333,0.17968739700006744,False
n2_r250,2.5,0,120000,guard15_equal,1.0,2.0,4.134842006124018,3.5784011727173493,0.13400124928890503,False
n2_r250,2.5,0,120000,uniform,1.0,0.0,6.358716567206102,6.317661450893297,0.13799716900320216,False
n2_r250,2.5,1,120000,guard15_equal,1.0,2.0,2.9120891853153807,2.8791393242926233,0.12205335003522699,False
n2_r250,2.5,1,120000,uniform,1.0,0.0,15.360977995541703,13.219932337065643,0.15079406581706015,False
n2_r250,2.5,2,120000,guard15_equal,1.0,2.0,7.683628148342336,7.331649729849232,0.14090921847534663,False
n2_r250,2.5,2,120000,uniform,1.0,0.0,12.934282459923452,12.234677388590853,0.18735300070892807,False
n2_r250,2.5,3,120000,guard15_equal,1.0,2.0,3.1795739729005845,2.7812973084735404,0.1324077489238143,False
n2_r250,2.5,3,120000,uniform,1.0,0.0,8.708498393900754,9.095066152610798,0.1567558522342298,False
n2_r250,2.5,4,120000,guard15_equal,1.0,2.0,3.815694428439542,4.226250351777594,0.11080871251620864,False
n2_r250,2.5,4,120000,uniform,1.0,0.0,14.936638964869076,13.365044446175034,0.17267528730134576,False
n2_r250,2.5,5,120000,guard15_equal,1.0,2.0,2.8894105865475694,3.990958961125557,0.10881223097714379,False
n2_r250,2.5,5,120000,uniform,1.0,0.0,8.354175913638073,9.249869586398063,0.13735865248311174,False
n2_r250,2.5,6,120000,guard15_equal,1.0,2.0,4.030575248421542,3.587811269227359,0.13773178338129866,False
n2_r250,2.5,6,120000,uniform,1.0,0.0,9.28502950642951,7.436263167818424,0.1585425726693106,False
n2_r250,2.5,7,120000,guard15_equal,1.0,2.0,5.41640847264091,4.3631219979261004,0.11444826528621287,False
n2_r250,2.5,7,120000,uniform,1.0,0.0,9.193142130897058,10.091093505309345,0.1627908342829433,False
