gate_scale,arm,variant,geometries,h_rmse_meh,h_bias_meh,f_rmse_meh,f_bias_meh,d2_mean,d2_rms,acceptance_post
0.2,guard15_equal,exact,11,0.35948976845678215,-0.22130298035898993,0.0704808307750712,-0.04300035529457669,0.002462807542155946,0.0042673012044821745,
0.2,guard15_equal,clean,11,4.460460786780363,2.2105259701974815,3.9843061707058833,1.3895669757873335,0.09599753911004236,0.09804506647991536,
0.2,guard15_equal,raw,11,119.11516610995791,96.07465446175793,135.21224123546682,116.78503288731112,0.5545766371042439,0.5643620620892689,
0.2,guard15_equal,post,11,28.018195883830714,24.419026238478832,31.637995210539618,28.74262534429952,0.19319692396288327,0.19422758277669794,0.4828185398910985
0.2,guard15_equal,rem,11,184.11116203978636,155.24605406188837,208.47514788145392,186.7159786594499,0.8137411884368806,0.823938440998697,
0.2,guard15_equal,rem_lin,11,26.138527936511824,20.955722144447268,30.752178039364708,26.91932932771899,0.179489316958787,0.18014356479487062,
0.2,guard15_equal,rem_post,11,29.699319800962435,25.792352992381623,35.01833845195072,32.24763269666782,0.21411794565258394,0.2165100714526556,0.4828185398910985
0.2,guard15_equal,rem_lin_post,11,9.897757908410071,8.167513761700269,8.710085645672647,6.878504169878593,0.1583722343646047,0.16286686583300586,0.5750143174623585
0.2,uniform,exact,11,0.0002826475364980493,-0.00018993700285301946,5.8657398601382754e-05,-4.099021437427423e-05,0.0032505890578335334,0.005468085709416094,
0.2,uniform,clean,11,12.227016400835796,9.821329586188199,11.32003830444547,9.740408270170581,0.13091684342347767,0.13398247559918197,
0.2,uniform,raw,11,125.09742753317599,103.91011786700619,147.81740332962826,130.59080078178008,0.5923146667365412,0.5965796215788404,
0.2,uniform,post,11,45.366313414198046,40.04080705696435,45.16308304457403,40.83432756782589,0.22852726182348382,0.23042480243698776,0.481991265244528
0.2,uniform,rem,11,210.7436033231406,177.32649802167217,242.56947383908422,215.90937645770092,0.8982490287737189,0.9086112428849591,
0.2,uniform,rem_lin,11,43.40460888405977,38.74515342953476,44.49649357986816,41.16239732637052,0.21048177299109289,0.21307217271982726,
0.2,uniform,rem_post,11,61.02574599656226,54.45261120742114,61.979743348942556,57.37803473767981,0.27711505928290037,0.2782770032188717,0.481991265244528
0.2,uniform,rem_lin_post,11,19.923279720571358,18.18648843392623,18.41148844119251,16.616342844546818,0.19090747772632416,0.19481183748984007,0.5356576861452961
