system,bond_angstrom,arm,variant,gate_scale,h_error_meh,f_error_meh,d2_error,acceptance_post
n2_r080,0.8,guard15_equal,exact,0.2,-0.0005124772002318423,-0.00023164540152720292,1.9606652473255666e-05,
n2_r080,0.8,guard15_equal,clean,0.2,8.12630398390013,6.370228450165882,0.07100312898268812,
n2_r080,0.8,guard15_equal,raw,0.2,213.5489401521795,228.25416661179077,0.6499841673033868,
n2_r080,0.8,guard15_equal,post,0.2,41.291775415501775,43.11586155522207,0.16906521696395224,0.48210064290364585
n2_r080,0.8,guard15_equal,rem,0.2,322.21679613988385,334.2251426329881,0.8966723862656404,
n2_r080,0.8,guard15_equal,rem_lin,0.2,41.96736289671321,46.70277550026469,0.17138285314120397,
n2_r080,0.8,guard15_equal,rem_post,0.2,34.81144800285563,38.45943132323271,0.1751842567393837,0.48210064290364585
n2_r080,0.8,guard15_equal,rem_lin_post,0.2,7.976062988845456,5.016817292116116,0.1270368144760032,0.5964186571194257
n2_r080,0.8,uniform,exact,0.2,-0.0002751803123146601,-9.623617813758756e-05,3.486447074053122e-05,
n2_r080,0.8,uniform,clean,0.2,19.95414441337573,16.857854249153092,0.09429245899378719,
n2_r080,0.8,uniform,raw,0.2,217.99819205568838,244.01359447048776,0.6564303501245579,
n2_r080,0.8,uniform,post,0.2,55.552565891318295,49.687386498021624,0.16905075510421422,0.4779531527962536
n2_r080,0.8,uniform,rem,0.2,376.2243786019752,401.0288341623891,1.0076686337259668,
n2_r080,0.8,uniform,rem_lin,0.2,74.79891524597804,64.34745104202477,0.17815550025498994,
n2_r080,0.8,uniform,rem_post,0.2,99.5563073013983,85.6836775888894,0.23118775538319494,0.4779531527962536
n2_r080,0.8,uniform,rem_lin_post,0.2,23.6990956955907,13.379578367818112,0.14545160014833639,0.5497470691867357
n2_r090,0.9,guard15_equal,exact,0.2,-0.0008376892850492368,-0.00034544872562491946,2.377592836329774e-05,
n2_r090,0.9,guard15_equal,clean,0.2,7.082536538973727,6.62601878944713,0.09704014886936049,
n2_r090,0.9,guard15_equal,raw,0.2,201.4173037192677,214.66785712493675,0.6761308549532462,
n2_r090,0.9,guard15_equal,post,0.2,32.497960663263825,35.17220854038783,0.14428608362977582,0.48535357259114587
n2_r090,0.9,guard15_equal,rem,0.2,289.5996897019302,309.63067476443484,0.8910964748575957,
n2_r090,0.9,guard15_equal,rem_lin,0.2,49.51916214923813,46.04283838231993,0.1529685726988811,
n2_r090,0.9,guard15_equal,rem_post,0.2,32.41055516726021,36.39418704656805,0.13727028313844525,0.48535357259114587
n2_r090,0.9,guard15_equal,rem_lin_post,0.2,7.033856944701711,0.07070140240728051,0.07987797700874043,0.5966623779084526
n2_r090,0.9,uniform,exact,0.2,-0.0003165063588994599,-0.00010650049375726667,2.6733565292195042e-05,
n2_r090,0.9,uniform,clean,0.2,19.36965740476637,17.611920970907136,0.11837572828784823,
n2_r090,0.9,uniform,raw,0.2,195.52938902167227,220.19507257247994,0.6414241608546051,
n2_r090,0.9,uniform,post,0.2,82.73976653609338,80.54171430198664,0.23154752977701284,0.47599758707406004
n2_r090,0.9,uniform,rem,0.2,332.1380751642238,361.1631156652493,0.997134937445978,
n2_r090,0.9,uniform,rem_lin,0.2,57.32131194439205,60.892925018379174,0.18323877463138244,
n2_r090,0.9,uniform,rem_post,0.2,99.6716048892381,99.06623588149444,0.2803625781692324,0.47599758707406004
n2_r090,0.9,uniform,rem_lin_post,0.2,36.20728005337526,33.9469471831535,0.17901685023752303,0.5449241339470422
n2_r100,1.0,guard15_equal,exact,0.2,-0.00029030579185018723,-0.00011775624386700656,7.500456811717527e-05,
n2_r100,1.0,guard15_equal,clean,0.2,3.393365882203625,-1.3832934524486973,0.07159607067816146,
n2_r100,1.0,guard15_equal,raw,0.2,171.11823163358508,189.40583033638347,0.6315119243342882,
n2_r100,1.0,guard15_equal,post,0.2,40.059169001665396,44.96473444197591,0.1845204515933661,0.4845007405598959
n2_r100,1.0,guard15_equal,rem,0.2,271.5289481390357,292.12646153828814,0.910968916587988,
n2_r100,1.0,guard15_equal,rem_lin,0.2,33.760505465238566,40.81547273939634,0.16012510333238658,
n2_r100,1.0,guard15_equal,rem_post,0.2,46.01520566970407,49.64789439499384,0.20956099041599657,0.4845007405598959
n2_r100,1.0,guard15_equal,rem_lin_post,0.2,18.30833498588902,11.335059084586874,0.15588294385252435,0.5952987398548604
n2_r100,1.0,uniform,exact,0.2,-0.00019735399803266773,-6.631904625464813e-05,0.00014784049419438143,
n2_r100,1.0,uniform,clean,0.2,13.868684234495277,13.6697218819819,0.09808475914132017,
n2_r100,1.0,uniform,raw,0.2,191.80851978396163,206.76030013123636,0.6449926659202385,
n2_r100,1.0,uniform,post,0.2,61.10897402707849,58.78794774088192,0.2094275158525233,0.48503816481679685
n2_r100,1.0,uniform,rem,0.2,306.59395415885626,340.45559927368174,1.008361321321251,
n2_r100,1.0,uniform,rem_lin,0.2,61.39929244990583,58.766926617352055,0.18661393499082635,
n2_r100,1.0,uniform,rem_post,0.2,74.13697817648313,78.09406992438994,0.2447500963472711,0.48503816481679685
n2_r100,1.0,uniform,rem_lin_post,0.2,16.578395834585535,16.185443291846013,0.1291087902325947,0.5562567331531616
n2_r110,1.1,guard15_equal,exact,0.2,-0.0005922699557459055,-0.0001823425606062301,0.00011123485948128901,
n2_r110,1.1,guard15_equal,clean,0.2,2.585773868318597,2.5992524185625143,0.06347729746383574,
n2_r110,1.1,guard15_equal,raw,0.2,139.64055800656183,162.104347129997,0.6499519049134572,
n2_r110,1.1,guard15_equal,post,0.2,37.68251539926837,42.15547526284524,0.19167746561573687,0.48406495768229163
n2_r110,1.1,guard15_equal,rem,0.2,218.00042058977454,251.36454278575115,0.9044193714298422,
n2_r110,1.1,guard15_equal,rem_lin,0.2,21.772994152769343,34.28954922715377,0.18147663867770392,
n2_r110,1.1,guard15_equal,rem_post,0.2,38.981328742892174,45.30906720258088,0.21336713247015313,0.48406495768229163
n2_r110,1.1,guard15_equal,rem_lin_post,0.2,12.145542015076671,11.670580230074279,0.1285936443733886,0.59022768660492
n2_r110,1.1,uniform,exact,0.2,-1.9998793732156628e-06,-4.953619736625114e-07,0.0005365923823059873,
n2_r110,1.1,uniform,clean,0.2,22.373819785386218,19.70113103749327,0.10624960693439564,
n2_r110,1.1,uniform,raw,0.2,157.93892123967623,190.71392507397888,0.7023261313393663,
n2_r110,1.1,uniform,post,0.2,63.28270012629389,66.59199863530318,0.2572700221633169,0.47802465293416757
n2_r110,1.1,uniform,rem,0.2,245.7581047433024,286.9685424902144,1.0002228565046796,
n2_r110,1.1,uniform,rem_lin,0.2,56.309048160301245,63.78278019585082,0.21466276066683251,
n2_r110,1.1,uniform,rem_post,0.2,81.08466487848887,84.05599470350467,0.3014310119435379,0.47802465293416757
n2_r110,1.1,uniform,rem_lin_post,0.2,27.831747226571224,29.57385445101579,0.1622476125542343,0.5452929566798206
n2_r125,1.25,guard15_equal,exact,0.2,-5.27929131521887e-05,-1.4360693967319094e-05,0.0004610047293889028,
n2_r125,1.25,guard15_equal,clean,0.2,3.285080774062976,-3.0426598920740844,0.09303082097469015,
n2_r125,1.25,guard15_equal,raw,0.2,113.22612920194786,137.01001968888704,0.6599500639869963,
n2_r125,1.25,guard15_equal,post,0.2,43.53919324815081,48.40315990806232,0.21203058957820087,0.48017134602864586
n2_r125,1.25,guard15_equal,rem,0.2,180.50532839293965,224.0518262411939,0.9652338209858375,
n2_r125,1.25,guard15_equal,rem_lin,0.2,33.99250211106164,45.548495107439635,0.2038672596762794,
n2_r125,1.25,guard15_equal,rem_post,0.2,50.54126292010608,58.7941478692926,0.22932355022277612,0.48017134602864586
n2_r125,1.25,guard15_equal,rem_lin_post,0.2,18.281422353624066,18.565648841160964,0.15337051224889198,0.5825819520647784
n2_r125,1.25,uniform,exact,0.2,-1.968388119166775e-06,-3.95928623220243e-07,0.0007619422638259108,
n2_r125,1.25,uniform,clean,0.2,4.811090696705378,2.2792511965263884,0.11477269687554405,
n2_r125,1.25,uniform,raw,0.2,106.66184541713619,143.29644872445613,0.6457827309309919,
n2_r125,1.25,uniform,post,0.2,37.751029977684425,36.72204331434159,0.20323850566402382,0.4736773113352247
n2_r125,1.25,uniform,rem,0.2,200.65950858896997,246.30222537795987,0.9958669731092027,
n2_r125,1.25,uniform,rem_lin,0.2,37.04992650160932,40.036246236084594,0.1770378081917364,
n2_r125,1.25,uniform,rem_post,0.2,44.76133742161892,51.8784945469406,0.25287431404196975,0.4736773113352247
n2_r125,1.25,uniform,rem_lin_post,0.2,13.32189022676289,11.781580365990862,0.15415453149084507,0.5363857482487016
n2_r145,1.45,guard15_equal,exact,0.2,-0.00039345761138065427,-8.828187958442868e-05,0.001443199778690379,
n2_r145,1.45,guard15_equal,clean,0.2,-3.4501571003602294,-5.260032781137625,0.11191415632732613,
n2_r145,1.45,guard15_equal,raw,0.2,53.05063930262577,87.9966353145818,0.5772928275447353,
n2_r145,1.45,guard15_equal,post,0.2,7.673015668785865,17.796890812974198,0.19360001266883664,0.4851388346354167
n2_r145,1.45,guard15_equal,rem,0.2,99.80706630130953,151.77057370350155,0.9034277479689505,
n2_r145,1.45,guard15_equal,rem_lin,0.2,5.018059426248556,13.836476208695103,0.175635495732554,
n2_r145,1.45,guard15_equal,rem_post,0.2,8.436084377549946,20.9583050291684,0.22707161315312877,0.4851388346354167
n2_r145,1.45,guard15_equal,rem_lin_post,0.2,2.137463774957382,-0.6228654843738468,0.14544091340692808,0.5831347201287478
n2_r145,1.45,uniform,exact,0.2,-0.00010048239573734463,-1.6190213614208915e-05,0.0014409653126805984,
n2_r145,1.45,uniform,clean,0.2,2.518713883191026,6.249292231899517,0.11479766125363151,
n2_r145,1.45,uniform,raw,0.2,66.78516195742645,103.92068907327712,0.6096892323452027,
n2_r145,1.45,uniform,post,0.2,26.70579665708317,31.192512771397674,0.22411176369724062,0.48321904750680555
n2_r145,1.45,uniform,rem,0.2,121.02941122836341,180.75652237385498,1.0052523238239233,
n2_r145,1.45,uniform,rem_lin,0.2,36.94207143982453,41.54699223754221,0.2108994925877591,
n2_r145,1.45,uniform,rem_post,0.2,41.390197683384145,49.311899226893274,0.28902845770336505,0.48321904750680555
n2_r145,1.45,uniform,rem_lin_post,0.2,20.185767929206122,15.353536396375489,0.19591865921753182,0.544288196594809
n2_r160,1.6,guard15_equal,exact,0.2,-0.4411347623971551,-0.09178507934848312,0.0016629590052190115,
n2_r160,1.6,guard15_equal,clean,0.2,2.86937191479808,2.0444298321820042,0.11185864382365336,
n2_r160,1.6,guard15_equal,raw,0.2,35.92978876733355,64.0740674513296,0.5549469812322232,
n2_r160,1.6,guard15_equal,post,0.2,10.49508282642364,15.577259203780613,0.19511394645727415,0.48261438802083334
n2_r160,1.6,guard15_equal,rem,0.2,70.00947110022082,116.00584674239656,0.8512358526892053,
n2_r160,1.6,guard15_equal,rem_lin,0.2,3.2720808547566094,9.954680411993877,0.17571868598598148,
n2_r160,1.6,guard15_equal,rem_post,0.2,6.430562067492929,16.610511860008614,0.20179068029327044,0.48261438802083334
n2_r160,1.6,guard15_equal,rem_lin_post,0.2,5.397109339895678,2.0537327805953964,0.1537289641767942,0.5762361529074491
n2_r160,1.6,uniform,exact,0.2,-2.5058852770598605e-06,-4.1600856093282346e-07,0.001923027233246588,
n2_r160,1.6,uniform,clean,0.2,3.1613831813501747,5.318320707530688,0.14112011521341652,
n2_r160,1.6,uniform,raw,0.2,40.53645290808561,82.55289280404554,0.5853046789711842,
n2_r160,1.6,uniform,post,0.2,24.48322510683454,30.239492898715525,0.24115859035185233,0.4949664002242498
n2_r160,1.6,uniform,rem,0.2,85.97804922115415,147.95041107049656,0.9608313397263987,
n2_r160,1.6,uniform,rem_lin,0.2,17.671877565234695,28.13069940805235,0.20005526525345546,
n2_r160,1.6,uniform,rem_post,0.2,34.66997909166025,42.348288166905945,0.2880803515121229,0.4949664002242498
n2_r160,1.6,uniform,rem_lin_post,0.2,10.199143894567442,12.746978739585302,0.20416663995183434,0.5522622224479716
n2_r180,1.8,guard15_equal,exact,0.2,-0.8241631018393036,-0.16257256800145115,0.009265038170878143,
n2_r180,1.8,guard15_equal,clean,0.2,-2.9111614933867713,1.7118696467974814,0.12821090214495004,
n2_r180,1.8,guard15_equal,raw,0.2,29.452032338951994,53.40604309810715,0.4661900323506244,
n2_r180,1.8,guard15_equal,post,0.2,11.849046685767917,18.26261208415758,0.21030248829510728,0.47774660644531247
n2_r180,1.8,guard15_equal,rem,0.2,62.24700337688205,104.68797309238198,0.7804752225920446,
n2_r180,1.8,guard15_equal,rem_lin,0.2,3.7318552774650016,10.422594174272604,0.1877439942718232,
n2_r180,1.8,guard15_equal,rem_post,0.2,12.685605918264287,23.84947283701422,0.26014237175463956,0.47774660644531247
n2_r180,1.8,guard15_equal,rem_lin_post,0.2,4.746702062817576,7.921326668082429,0.17884916826163977,0.5612523506399948
n2_r180,1.8,uniform,exact,0.2,-2.543561095080804e-05,-4.133454467591946e-06,0.01211837563418087,
n2_r180,1.8,uniform,clean,0.2,3.952399582701105,6.193202830658606,0.14203593137011453,
n2_r180,1.8,uniform,raw,0.2,35.89776591206828,65.41245560651987,0.5175479997380619,
n2_r180,1.8,uniform,post,0.2,10.363265313841907,19.794962088738544,0.21595828700451278,0.4845980450916104
n2_r180,1.8,uniform,rem,0.2,66.73297361433583,117.91005856129289,0.8369319407531507,
n2_r180,1.8,uniform,rem_lin,0.2,17.07044198221297,20.964028776518262,0.19251032509994032,
n2_r180,1.8,uniform,rem_post,0.2,18.908923969163993,34.492994329383464,0.2896910737998407,0.4845980450916104
n2_r180,1.8,uniform,rem_lin_post,0.2,9.086451304312959,13.076879167499555,0.2102870026010019,0.5298542191120515
n2_r200,2.0,guard15_equal,exact,0.2,-0.555491428869459,-0.11029597150979953,0.009966260899023598,
n2_r200,2.0,guard15_equal,clean,0.2,-3.235848289534715,-1.44770621095347,0.11737579691121988,
n2_r200,2.0,guard15_equal,raw,0.2,28.705657013688324,51.77949111775604,0.43039105205898864,
n2_r200,2.0,guard15_equal,post,0.2,12.485186145895,16.501198636859726,0.20854831201939675,0.4876714599609375
n2_r200,2.0,guard15_equal,rem,0.2,60.541478154164,94.2749452640328,0.6410493919231374,
n2_r200,2.0,guard15_equal,rem_lin,0.2,10.92611437579194,16.758106686310725,0.19005280854825427,
n2_r200,2.0,guard15_equal,rem_post,0.2,14.959505382535099,21.706605956708813,0.23059100625920648,0.4876714599609375
n2_r200,2.0,guard15_equal,rem_lin_post,0.2,0.3082456509559961,5.626302223532775,0.20965029737428947,0.5585761651697898
n2_r200,2.0,uniform,exact,0.2,-5.626846188988566e-05,-8.433971743215807e-06,0.011541184390989567,
n2_r200,2.0,uniform,clean,0.2,6.143453168149904,6.626981957765565,0.16248464754081202,
n2_r200,2.0,uniform,raw,0.2,30.613788762735794,58.617245365425674,0.4659799613311351,
n2_r200,2.0,uniform,post,0.2,20.062322171824576,19.230819459764348,0.22554980489392235,0.4810470766960644
n2_r200,2.0,uniform,rem,0.2,66.0819699604076,104.31280402613652,0.7039948331980602,
n2_r200,2.0,uniform,rem_lin,0.2,18.08847356159049,24.42465320510223,0.23433076162340816,
n2_r200,2.0,uniform,rem_post,0.2,28.315895638286293,28.99927891209586,0.26378611247261297,0.4810470766960644
n2_r200,2.0,uniform,rem_lin_post,0.2,8.578830385772562,4.032199286811533,0.2217122139019412,0.5155937005795693
n2_r220,2.2,guard15_equal,exact,0.2,-0.4675543184475828,-0.0841733007774792,0.0029822590959735955,
n2_r220,2.2,guard15_equal,clean,0.2,0.7364912889897823,1.257145437790541,0.08883129744013106,
n2_r220,2.2,guard15_equal,raw,0.2,34.58476216324868,50.734789947142644,0.4101631265039687,
n2_r220,2.2,guard15_equal,post,0.2,17.360016115119947,20.431773146881937,0.21069558734259364,0.4837960286458334
n2_r220,2.2,guard15_equal,rem,0.2,61.1672151557201,87.14372351491306,0.6282906140651551,
n2_r220,2.2,guard15_equal,rem_lin,0.2,10.929853727716932,15.018359582555263,0.17186099177524472,
n2_r220,2.2,guard15_equal,rem_post,0.2,21.74089885062358,25.46532668570478,0.23960772410854267,0.4837960286458334
n2_r220,2.2,guard15_equal,rem_lin_post,0.2,6.917829912083562,8.153848423376076,0.21637826603111274,0.5481391122017085
n2_r220,2.2,uniform,exact,0.2,-0.0006826476806054416,-9.799219924389035e-05,0.0064478729377686885,
n2_r220,2.2,uniform,clean,0.2,3.221377096807032,4.650667452480661,0.16165000809381502,
n2_r220,2.2,uniform,raw,0.2,46.274981549515815,57.8516320968987,0.521471543380294,
n2_r220,2.2,uniform,post,0.2,26.436863044168035,26.968353899746944,0.24950884733982576,0.48544050250155857
n2_r220,2.2,uniform,rem,0.2,74.75994940359953,95.38778082708177,0.7135981582456334,
n2_r220,2.2,uniform,rem_lin,0.2,26.602504389714454,26.927591985028698,0.2882711110961358,
n2_r220,2.2,uniform,rem_post,0.2,33.45736534357968,36.70514282920578,0.28406609032959007,0.48544050250155857
n2_r220,2.2,uniform,rem_lin_post,0.2,15.092874132122347,15.402468362623267,0.24183269665370907,0.5134209127128998
n2_r250,2.5,guard15_equal,exact,0.2,-0.14331017963797876,-0.02319715309795356,0.0010805392761067602,
n2_r250,2.5,guard15_equal,clean,0.2,5.834028304207095,5.80998449532899,0.10163466659444935,
n2_r250,2.5,guard15_equal,raw,0.2,36.147156779946954,45.20211393951001,0.3938300729647683,
n2_r250,2.5,guard15_equal,post,0.2,13.67632745342462,13.787705194147293,0.20532600942747548,0.47784536132812505
n2_r250,2.5,guard15_equal,rem,0.2,72.0831776289117,88.5940549740667,0.5782832734402895,
n2_r250,2.5,guard15_equal,rem_lin,0.2,15.622453151920013,16.723274584506953,0.20355008270634423,
n2_r250,2.5,guard15_equal,rem_post,0.2,16.703425816913864,17.52900945807312,0.2313877936228806,0.47784536132812505
n2_r250,2.5,guard15_equal,rem_lin_post,0.2,6.590081349855836,5.872394407106185,0.1932850768003392,0.536629577485817
n2_r250,2.5,uniform,exact,0.2,-0.00042895806018350413,-5.37795017407916e-05,0.0007770809509435528,
n2_r250,2.5,uniform,clean,0.2,8.659902001141973,7.98614645547957,0.18622166395356962,
n2_r250,2.5,uniform,raw,0.2,52.96627792910158,63.16455268077448,0.5245118791663164,
n2_r250,2.5,uniform,post,0.2,31.962368774387073,29.420371637186804,0.286978258209877,0.48194197671301664
n2_r250,2.5,uniform,rem,0.2,74.6351035532058,92.76724720635343,0.6508759986566646,
n2_r250,2.5,uniform,rem_lin,0.2,22.942824484118773,22.96607586814048,0.24952376850555513,
n2_r250,2.5,uniform,rem_post,0.2,43.02546888833092,40.52230600477458,0.32300781040916665,0.48194197671301664
n2_r250,2.5,uniform,rem_lin_post,0.2,19.26989609032148,17.30030567729557,0.25608565800001376,0.5042086549354932
